station_name,agency,street,borough,postcode,latitude,longitude,no_of_ports,charger_types,public_charger_,fee_for_city_drivers,geometry
"ACS - 2554 Linden Blvd, Brooklyn",ACS,2554 Linden Blvd,Brooklyn,11208,40.668034,-73.869949,3,"['Level 2 Charger', 'Level 3 Fast Charger']",No,No,POINT (-73.869949 40.668034)
"ACS - 350 St Marks Pl, Staten Island",ACS,350 St Marks Pl,Staten Island,10301,40.640708,-74.077697,1,['Level 2 Charger'],No,No,POINT (-74.077697 40.640708)
"CITYHALL - New York City Hall, Manhattan",CITYHALL,New York City Hall,Manhattan,10007,40.712806,-74.006096,4,['Level 2 Charger'],No,No,POINT (-74.006096 40.712806)
"DCAS - 1 Centre St, Manhattan",DCAS,1 Centre St,Manhattan,10007,40.713001,-74.004181,3,"['EV Solar Arc Charger', 'Level 3 Fast Charger']",No,No,POINT (-74.004181 40.713001)
"DCAS - 2 Navy St, Brooklyn",DCAS,2 Navy St,Brooklyn,11201,40.70061,-73.98042,5,"['Level 2 Charger', 'Level 3 Fast Charger']",No,No,POINT (-73.98042 40.70061)
"DCAS - 6626 Metropolitan Avenue, Queens",DCAS,6626 Metropolitan Avenue,Queens,11379,40.712377,-73.892143,8,"['Level 2 Charger', 'Level 3 Fast Charger']",No,No,POINT (-73.892143 40.712377)
"DCAS - 390 Kent Ave, Brooklyn",DCAS,390 Kent Ave,Brooklyn,11249,40.711246,-73.968348,7,"['Level 2 Charger', 'Level 3 Fast Charger']",No,No,POINT (-73.968348 40.711246)
"DCAS - 350 Marconi Street, Bronx",DCAS,350 Marconi Street,Bronx,10461,40.853529,-73.839048,4,['Level 3 Fast Charger'],No,No,POINT (-73.839048 40.853529)
"DCAS - 120-55 Queens Blvd, Queens",DCAS,120-55 Queens Blvd,Queens,11415,40.713329,-73.828601,1,['Level 3 Fast Charger'],No,No,POINT (-73.828601 40.713329)
"DCAS - 100 Gold St, Manhattan",DCAS,100 Gold St,Manhattan,10038,40.710353,-74.004007,6,"['Level 2 Charger', 'Level 3 Fast Charger']",No,No,POINT (-74.004007 40.710353)
"DDC - 3030 Thomson Ave, Queens",DDC,3030 Thomson Ave,Queens,11101,40.745042,-73.936191,5,"['EV Solar Arc Charger', 'Level 2 Charger', 'Level 3 Fast Charger']",No,No,POINT (-73.936191 40.745042)
"DDC - 30-20 Thomson Ave, Queens",DDC,30-20 Thomson Ave,Queens,11101,40.745095,-73.936635,2,['EV Solar Arc Charger'],No,No,POINT (-73.936635 40.745095)
"DEP - 2501 Knapp St, Brooklyn",DEP,2501 Knapp St,Brooklyn,11235,40.592214,-73.932546,2,['Level 2 Charger'],No,No,POINT (-73.932546 40.592214)
"DEP - 2405 Amsterdam Avenue, Manhattan",DEP,2405 Amsterdam Avenue,Manhattan,10033,40.846982,-73.931709,2,['Level 3 Fast Charger'],No,No,POINT (-73.931709 40.846982)
"DEP - 12266 Flatlands Ave, Brooklyn",DEP,12266 Flatlands Ave,Brooklyn,11207,40.654817,-73.881479,12,"['Level 2 Charger', 'Level 3 Fast Charger']",No,No,POINT (-73.881479 40.654817)
"DEP - 1540 Van Siclen Ave, Brooklyn",DEP,1540 Van Siclen Ave,Brooklyn,11239,40.648214,-73.877613,1,['Level 3 Fast Charger'],No,No,POINT (-73.877613 40.648214)
"DEP - 3701 Jerome Ave, Bronx",DEP,3701 Jerome Ave,Bronx,10467,40.887018,-73.878095,7,"['EV Solar Arc Charger', 'Level 2 Charger', 'Level 3 Fast Charger']",No,No,POINT (-73.878095 40.887018)
"DEP - 623 Myrtle Ave, Brooklyn",DEP,623 Myrtle Ave,Brooklyn,11205,40.694275,-73.958854,4,['Level 2 Charger'],No,No,POINT (-73.958854 40.694275)
"DEP - 7 Ward's Island Bridge, Manhattan",DEP,7 Ward's Island Bridge,Manhattan,10035,40.792839,-73.922819,2,['Level 2 Charger'],No,No,POINT (-73.922819 40.792839)
"DEP - 116 K Rd, Manhattan",DEP,116 K Rd,Manhattan,10035,40.791469,-73.921474,4,['EV Solar Arc Charger'],No,No,POINT (-73.921474 40.791469)
"DEP - 117 K Rd, Manhattan",DEP,117 K Rd,Manhattan,10035,40.791483,-73.921463,1,['EV Solar Arc Charger'],No,No,POINT (-73.921463 40.791483)
"DEP - 930 Zerega Ave, Bronx",DEP,930 Zerega Ave,Bronx,10473,40.827109,-73.843596,20,"['Level 2 Charger', 'Level 3 Fast Charger']",No,No,POINT (-73.843596 40.827109)
"DEP - 43-1 Berrian Blvd, Queens",DEP,43-1 Berrian Blvd,Queens,11105,40.778421,-73.894593,7,"['Level 2 Charger', 'Level 3 Fast Charger']",No,No,POINT (-73.894593 40.778421)
"DEP - 855 Remsen Ave, Brooklyn",DEP,855 Remsen Ave,Brooklyn,11236,40.646913,-73.913395,4,['Level 3 Fast Charger'],No,No,POINT (-73.913395 40.646913)
"DEP - 22 N 15th St, Brooklyn",DEP,22 N 15th St,Brooklyn,11222,40.724694,-73.956901,1,['EV Solar Arc Charger'],No,No,POINT (-73.956901 40.724694)
"DEP - 3201 Jerome Ave, Bronx",DEP,3201 Jerome Ave,Bronx,10468,40.877534,-73.887189,4,"['EV Solar Arc Charger', 'Level 3 Fast Charger']",No,No,POINT (-73.887189 40.877534)
"DEP - 1270 Victory Blvd, Staten Island",DEP,1270 Victory Blvd,Staten Island,10301,40.615436,-74.105751,2,['Level 2 Charger'],No,No,POINT (-74.105751 40.615436)
"DEP - 201 Douglass St, Brooklyn",DEP,201 Douglass St,Brooklyn,11217,40.681639,-73.987684,2,['Level 2 Charger'],No,No,POINT (-73.987684 40.681639)
"DEP - 305 Seigel St, Brooklyn",DEP,305 Seigel St,Brooklyn,11206,40.705517,-73.934242,2,['Level 2 Charger'],No,No,POINT (-73.934242 40.705517)
"DEP - 164-11 110th Avenue, Queens",DEP,164-11 110th Avenue,Queens,11433,40.693916,-73.787682,2,['Level 3 Fast Charger'],No,No,POINT (-73.787682 40.693916)
"DEP - 164-21 110th Avenue, Queens",DEP,164-21 110th Avenue,Queens,11433,40.694094,-73.787263,1,['Level 3 Fast Charger'],No,No,POINT (-73.787263 40.694094)
"DEP - 1270 Ryawa Ave, Bronx",DEP,1270 Ryawa Ave,Bronx,10474,40.804827,-73.884759,6,['Level 3 Fast Charger'],No,No,POINT (-73.884759 40.804827)
"DEP - 150-20 134Th St, Queens",DEP,150-20 134Th St,Queens,11420,40.662964,-73.806765,5,"['Level 2 Charger', 'Level 3 Fast Charger']",No,No,POINT (-73.806765 40.662964)
"DEP - 3055 Goulden Avenue, Bronx",DEP,3055 Goulden Avenue,Bronx,10468,40.877917,-73.892251,1,['Level 3 Fast Charger'],No,No,POINT (-73.892251 40.877917)
"DEP - 59-17 Junction Blvd, Queens",DEP,59-17 Junction Blvd,Queens,11373,40.734606,-73.864774,20,['Level 2 Charger'],No,No,POINT (-73.864774 40.734606)
"DEP - 96-08 57Th Ave, Queens",DEP,96-08 57Th Ave,Queens,11368,40.73698,-73.864625,10,['Level 2 Charger'],No,No,POINT (-73.864625 40.73698)
"DEP - 58-17 Junction Blvd, Queens",DEP,58-17 Junction Blvd,Queens,11373,40.735229,-73.865098,6,['Level 2 Charger'],No,No,POINT (-73.865098 40.735229)
"DEP - 28 Pike St, Manhattan",DEP,28 Pike St,Manhattan,10002,40.71282,-73.992461,2,['Level 2 Charger'],No,No,POINT (-73.992461 40.71282)
"DEP - 30 Pike St, Manhattan",DEP,30 Pike St,Manhattan,10002,40.712735,-73.99245,1,['Level 3 Fast Charger'],No,No,POINT (-73.99245 40.712735)
"DEP - 886 St Nicholas Ave, Manhattan",DEP,886 St Nicholas Ave,Manhattan,10032,40.83028,-73.941602,2,['Level 3 Fast Charger'],No,No,POINT (-73.941602 40.83028)
"DEP - 329 Greenpoint Ave, Brooklyn",DEP,329 Greenpoint Ave,Brooklyn,11222,40.731483,-73.946271,16,['Level 2 Charger'],No,No,POINT (-73.946271 40.731483)
"DEP - 267 Greenpoint Ave, Brooklyn",DEP,267 Greenpoint Ave,Brooklyn,11222,40.730718,-73.948891,2,['EV Solar Arc Charger'],No,No,POINT (-73.948891 40.730718)
"DEP - 751 Mill Road, Staten Island",DEP,751 Mill Road,Staten Island,10306,40.552071,-74.116133,8,"['Level 2 Charger', 'Level 3 Fast Charger']",No,No,POINT (-74.116133 40.552071)
"DEP - 6700 Shore Rd, Brooklyn",DEP,6700 Shore Rd,Brooklyn,11220,40.6418,-74.034055,10,"['Level 2 Charger', 'Level 3 Fast Charger']",No,No,POINT (-74.034055 40.6418)
"DEP - 1875 Ralph Ave, Brooklyn",DEP,1875 Ralph Ave,Brooklyn,11234,40.631422,-73.91852,1,['Level 3 Fast Charger'],No,No,POINT (-73.91852 40.631422)
"DEP - 1801 Richmond Terr, Staten Island",DEP,1801 Richmond Terr,Staten Island,10310,40.637232,-74.125556,5,['Level 3 Fast Charger'],No,No,POINT (-74.125556 40.637232)
"DEP - 133-25 32nd Ave, Queens",DEP,133-25 32nd Ave,Queens,11354,40.766974,-73.835301,11,"['Level 2 Charger', 'Level 3 Fast Charger']",No,No,POINT (-73.835301 40.766974)
"DEP - 106-36 180Th St, Queens",DEP,106-36 180Th St,Queens,11433,40.703128,-73.77772,14,"['EV Solar Arc Charger', 'Level 2 Charger', 'Level 3 Fast Charger']",No,No,POINT (-73.77772 40.703128)
"DEP - 49-14 Fresh Meadow Ln, Queens",DEP,49-14 Fresh Meadow Ln,Queens,11365,40.747092,-73.794673,6,"['Level 2 Charger', 'Level 3 Fast Charger']",No,No,POINT (-73.794673 40.747092)
"DEP - 63 Flushing Ave, Brooklyn",DEP,63 Flushing Ave,Brooklyn,11205,40.69802,-73.974986,4,"['Level 2 Charger', 'Level 3 Fast Charger']",No,No,POINT (-73.974986 40.69802)
"DEP - 182 Joline Ave, Staten Island",DEP,182 Joline Ave,Staten Island,10307,40.508319,-74.235614,2,['EV Solar Arc Charger'],No,No,POINT (-74.235614 40.508319)
"DEP - 350 Flushing Ave, Brooklyn",DEP,350 Flushing Ave,Brooklyn,11205,40.69834,-73.960921,2,['Level 3 Fast Charger'],No,No,POINT (-73.960921 40.69834)
"DEP - 127-01 Powell Cove Blvd, Queens",DEP,127-01 Powell Cove Blvd,Queens,11356,40.793864,-73.840525,2,['Level 3 Fast Charger'],No,No,POINT (-73.840525 40.793864)
"DEP - 725 W 135Th St, Manhattan",DEP,725 W 135Th St,Manhattan,10031,40.821384,-73.9581,12,"['Level 2 Charger', 'Level 3 Fast Charger']",No,No,POINT (-73.9581 40.821384)
"DEP - 148 6 Dr, Manhattan",DEP,148 6 Dr,Manhattan,10035,40.788869,-73.920097,1,['Level 2 Charger'],No,No,POINT (-73.920097 40.788869)
"DEP - 104 B Rd, Manhattan",DEP,104 B Rd,Manhattan,10035,40.787146,-73.925083,4,"['Level 2 Charger', 'Level 3 Fast Charger']",No,No,POINT (-73.925083 40.787146)
"DEP - 142 A Rd, Manhattan",DEP,142 A Rd,Manhattan,10035,40.785113,-73.923366,5,"['Level 2 Charger', 'Level 3 Fast Charger']",No,No,POINT (-73.923366 40.785113)
"DEP - 149 8 Dr, Manhattan",DEP,149 8 Dr,Manhattan,10035,40.788166,-73.919762,2,['Level 3 Fast Charger'],No,No,POINT (-73.919762 40.788166)
"DEP - 106 2Nd Dr, Manhattan",DEP,106 2Nd Dr,Manhattan,10035,40.788715,-73.924539,1,['Level 2 Charger'],No,No,POINT (-73.924539 40.788715)
"DEP - 111 3Rd Dr, Manhattan",DEP,111 3Rd Dr,Manhattan,10035,40.787573,-73.924403,1,['EV Solar Arc Charger'],No,No,POINT (-73.924403 40.787573)
"DEP - 116 4Th Dr, Manhattan",DEP,116 4Th Dr,Manhattan,10035,40.791082,-73.921051,2,['Level 2 Charger'],No,No,POINT (-73.921051 40.791082)
"DEP - 3327-3549 Jerome Ave, Bronx",DEP,3327-3549 Jerome Ave,Bronx,10468,40.879456,-73.885016,2,['Level 2 Charger'],No,No,POINT (-73.885016 40.879456)
"DEP - 1260 Ryawa Ave, Bronx",DEP,1260 Ryawa Ave,Bronx,10474,40.804742,-73.885322,2,['Level 2 Charger'],No,No,POINT (-73.885322 40.804742)
"DEP - 1887 Ralph Ave, Brooklyn",DEP,1887 Ralph Ave,Brooklyn,11234,40.631239,-73.918502,2,['Level 2 Charger'],No,No,POINT (-73.918502 40.631239)
"DEP - 289-369 Greenpoint Ave, Brooklyn",DEP,289-369 Greenpoint Ave,Brooklyn,11222,40.730973,-73.947675,1,['Level 2 Charger'],No,No,POINT (-73.947675 40.730973)
"DEP - 2509 Knapp St, Brooklyn",DEP,2509 Knapp St,Brooklyn,11235,40.592085,-73.932521,1,['Level 3 Fast Charger'],No,No,POINT (-73.932521 40.592085)
"DEP - 58-30 Grand Ave, Queens",DEP,58-30 Grand Ave,Queens,11378,40.719651,-73.91119,2,['Level 2 Charger'],No,No,POINT (-73.91119 40.719651)
"DEP - 319 Greenpoint Ave, Brooklyn",DEP,319 Greenpoint Ave,Brooklyn,11222,40.731272,-73.946848,11,"['Level 2 Charger', 'Level 3 Fast Charger']",No,No,POINT (-73.946848 40.731272)
"DEP - 750 W 145Th St, Manhattan",DEP,750 W 145Th St,Manhattan,10031,40.827108,-73.95466,1,['Level 2 Charger'],No,No,POINT (-73.95466 40.827108)
"DEP - 735 W 135th St, Manhattan",DEP,735 W 135th St,Manhattan,10031,40.821408,-73.958161,5,['Level 3 Fast Charger'],No,No,POINT (-73.958161 40.821408)
"DEP - 327 Greenpoint Ave, Brooklyn",DEP,327 Greenpoint Ave,Brooklyn,11222,40.731351,-73.946628,1,['Level 3 Fast Charger'],No,No,POINT (-73.946628 40.731351)
"DEP - 683 Mill Rd, Staten Island",DEP,683 Mill Rd,Staten Island,10306,40.553917,-74.117306,2,['Level 3 Fast Charger'],No,No,POINT (-74.117306 40.553917)
"DHS - 300 Skillman Ave, Brooklyn",DHS,300 Skillman Ave,Brooklyn,11211,40.71663,-73.939205,5,"['Level 2 Charger', 'Level 3 Fast Charger']",No,No,POINT (-73.939205 40.71663)
"DHS - 64 Sunken Garden Loop, Manhattan",DHS,64 Sunken Garden Loop,Manhattan,10035,40.785494,-73.931397,1,['Level 2 Charger'],No,No,POINT (-73.931397 40.785494)
"DHS - 10107 Farragut Rd, Brooklyn",DHS,10107 Farragut Rd,Brooklyn,11236,40.648081,-73.901772,7,"['Level 2 Charger', 'Level 3 Fast Charger']",No,No,POINT (-73.901772 40.648081)
"DOB - 280 Broadway, Manhattan",DOB,280 Broadway,Manhattan,10007,40.714417,-74.006089,1,['Level 3 Fast Charger'],No,No,POINT (-74.006089 40.714417)
"DOB - 120-55 Queens Blvd, Queens",DOB,120-55 Queens Blvd,Queens,11424,40.713329,-73.828601,1,['EV Solar Arc Charger'],No,No,POINT (-73.828601 40.713329)
"DOC - 16-16 Hazen St, Queens",DOC,16-16 Hazen St,Queens,11370,40.790301,-73.884412,11,"['Level 2 Charger', 'Level 3 Fast Charger']",No,No,POINT (-73.884412 40.790301)
"DOC - 12-00 Hazen Street, Queens",DOC,12-00 Hazen Street,Queens,11370,40.793765,-73.884156,2,['Level 2 Charger'],No,No,POINT (-73.884156 40.793765)
"DOC - 15-0 Hazen St, Queens",DOC,15-0 Hazen St,Queens,11370,40.790985,-73.884396,3,"['EV Solar Arc Charger', 'Level 2 Charger']",No,No,POINT (-73.884396 40.790985)
"DOC - Rikers Island, Queens",DOC,Rikers Island,Queens,11370,40.790576,-73.881894,2,['Level 2 Charger'],No,No,POINT (-73.881894 40.790576)
"DOC - 16-06 Hazen St, Bronx",DOC,16-06 Hazen St,Bronx,11370,40.790307,-73.884412,2,['Level 2 Charger'],No,No,POINT (-73.884412 40.790307)
"DOC - 1717 Hazen St., Queens",DOC,1717 Hazen St.,Queens,11370,40.788899,-73.884411,8,"['Level 2 Charger', 'Level 3 Fast Charger']",No,No,POINT (-73.884411 40.788899)
"DOC - 15-15 Hazen Street, Queens",DOC,15-15 Hazen Street,Queens,11370,40.790976,-73.884374,3,['Level 2 Charger'],No,No,POINT (-73.884374 40.790976)
"DOC - 09-09 Hazen Street, Queens",DOC,09-09 Hazen Street,Queens,11370,40.794577,-73.884162,2,['Level 2 Charger'],No,No,POINT (-73.884162 40.794577)
"DOC - 16-00 Hazen Street, Bronx",DOC,16-00 Hazen Street,Bronx,11370,40.790312,-73.884412,2,['Level 2 Charger'],No,No,POINT (-73.884412 40.790312)
"DOC - 125-01 82Nd Ave, Queens",DOC,125-01 82Nd Ave,Queens,11415,40.710935,-73.831627,2,['Level 2 Charger'],No,No,POINT (-73.831627 40.710935)
"DOC - 19-19 Hazen St, Queens",DOC,19-19 Hazen St,Queens,11370,40.788432,-73.884444,2,['Level 2 Charger'],No,No,POINT (-73.884444 40.788432)
"DOC - 1 Halleck Street, Bronx",DOC,1 Halleck Street,Bronx,10474,40.802228,-73.877557,1,['EV Solar Arc Charger'],No,No,POINT (-73.877557 40.802228)
"DOE - 165-65 84Th Ave, Queens",DOE,165-65 84Th Ave,Queens,11432,40.715389,-73.800369,2,['Level 2 Charger'],No,No,POINT (-73.800369 40.715389)
"DOE - 6581 Hylan Blvd, Staten Island",DOE,6581 Hylan Blvd,Staten Island,10309,40.509084,-74.22093,5,['Level 2 Charger'],No,No,POINT (-74.22093 40.509084)
"DOE - 131 Livingston St, Brooklyn",DOE,131 Livingston St,Brooklyn,11201,40.690743,-73.988605,3,['Level 2 Charger'],No,No,POINT (-73.988605 40.690743)
"DOE - 9517 Kings Hwy, Brooklyn",DOE,9517 Kings Hwy,Brooklyn,11212,40.65911,-73.920368,1,['Level 2 Charger'],No,No,POINT (-73.920368 40.65911)
"DOE - 715 Ocean Terrace, Staten Island",DOE,715 Ocean Terrace,Staten Island,10301,40.608756,-74.102344,2,['Level 2 Charger'],No,No,POINT (-74.102344 40.608756)
"DOE - 1700 Fulton St, Brooklyn",DOE,1700 Fulton St,Brooklyn,11213,40.67944,-73.932407,1,['Level 2 Charger'],No,No,POINT (-73.932407 40.67944)
"DOE - 3047 Bruckner Blvd, Bronx",DOE,3047 Bruckner Blvd,Bronx,10461,40.83587,-73.825774,2,['Level 2 Charger'],No,No,POINT (-73.825774 40.83587)
"DOE - 71 W 205th St, Bronx",DOE,71 W 205th St,Bronx,10468,40.877537,-73.890921,1,['Level 2 Charger'],No,No,POINT (-73.890921 40.877537)
"DOE - 231 Malta St, Brooklyn",DOE,231 Malta St,Brooklyn,11207,40.655179,-73.892416,2,['Level 2 Charger'],No,No,POINT (-73.892416 40.655179)
"DOE - 6565 Flatlands Ave, Brooklyn",DOE,6565 Flatlands Ave,Brooklyn,11236,40.633285,-73.916735,4,['Level 2 Charger'],No,No,POINT (-73.916735 40.633285)
"DOE - 128 Waterbury St, Brooklyn",DOE,128 Waterbury St,Brooklyn,11206,40.711722,-73.937926,2,['Level 2 Charger'],No,No,POINT (-73.937926 40.711722)
"DOE - 3000 E Tremont Ave, Bronx",DOE,3000 E Tremont Ave,Bronx,10462,40.840733,-73.838685,1,['Level 2 Charger'],No,No,POINT (-73.838685 40.840733)
"DOE - 101-01 Rockaway Blvd, Queens",DOE,101-01 Rockaway Blvd,Queens,11417,40.679639,-73.837298,4,['Level 2 Charger'],No,No,POINT (-73.837298 40.679639)
"DOE - 99 Terrace View Avenue, Manhattan",DOE,99 Terrace View Avenue,Manhattan,10463,40.877105,-73.912256,4,['Level 2 Charger'],No,No,POINT (-73.912256 40.877105)
"DOE - 1-49 Teunissen Pl, Bronx",DOE,1-49 Teunissen Pl,Bronx,10463,40.876606,-73.912839,1,['EV Solar Arc Charger'],No,No,POINT (-73.912839 40.876606)
"DOE - 50 Bedford Ave, Brooklyn",DOE,50 Bedford Ave,Brooklyn,11222,40.721981,-73.953281,1,['Level 2 Charger'],No,No,POINT (-73.953281 40.721981)
"DOE - 409 Red Hook Lane, Brooklyn",DOE,409 Red Hook Lane,Brooklyn,11201,40.691561,-73.988436,1,['Level 3 Fast Charger'],No,No,POINT (-73.988436 40.691561)
"DOE - 1599 E 22nd St, Brooklyn",DOE,1599 E 22nd St,Brooklyn,11210,40.612623,-73.951906,1,['Level 2 Charger'],No,No,POINT (-73.951906 40.612623)
"DOE - 344-360 2nd Ave, Manhattan",DOE,344-360 2nd Ave,Manhattan,10010,40.736103,-73.982196,2,['Level 2 Charger'],No,No,POINT (-73.982196 40.736103)
"DOE - 549 Audubon Ave, Manhattan",DOE,549 Audubon Ave,Manhattan,10040,40.855855,-73.92712,1,['Level 2 Charger'],No,No,POINT (-73.92712 40.855855)
"DOE - 321 E 96Th St, Manhattan",DOE,321 E 96Th St,Manhattan,10128,40.783638,-73.945626,1,['Level 2 Charger'],No,No,POINT (-73.945626 40.783638)
"DOE - 1220 Manor Rd, Staten Island",DOE,1220 Manor Rd,Staten Island,10314,40.596745,-74.124263,2,['Level 2 Charger'],No,No,POINT (-74.124263 40.596745)
"DOE - 173 West 151st Street, Manhattan",DOE,173 West 151st Street,Manhattan,10039,40.825191,-73.935731,2,['Level 2 Charger'],No,No,POINT (-73.935731 40.825191)
"DOE - 2401 Neptune Ave, Brooklyn",DOE,2401 Neptune Ave,Brooklyn,11224,40.578188,-73.99203,3,['Level 2 Charger'],No,No,POINT (-73.99203 40.578188)
"DOE - 677 East 141st Street, Bronx",DOE,677 East 141st Street,Bronx,10454,40.807335,-73.912731,2,['Level 2 Charger'],No,No,POINT (-73.912731 40.807335)
"DOE - 142-10 Linden Blvd, Queens",DOE,142-10 Linden Blvd,Queens,11436,40.684142,-73.801479,2,['Level 2 Charger'],No,No,POINT (-73.801479 40.684142)
"DOE - 58-20 Utopia Pkwy, Queens",DOE,58-20 Utopia Pkwy,Queens,11365,40.740724,-73.79283,2,['Level 2 Charger'],No,No,POINT (-73.79283 40.740724)
"DOE - 74-20 Commonwealth Blvd, Queens",DOE,74-20 Commonwealth Blvd,Queens,11426,40.746088,-73.727535,2,['Level 2 Charger'],No,No,POINT (-73.727535 40.746088)
"DOE - 44-36 Vernon Blvd, Queens",DOE,44-36 Vernon Blvd,Queens,11101,40.749384,-73.952233,16,"['Level 2 Charger', 'Level 3 Fast Charger']",No,No,POINT (-73.952233 40.749384)
"DOE - 49-16 Vernon Blvd, Queens",DOE,49-16 Vernon Blvd,Queens,11101,40.743237,-73.953941,6,['Level 2 Charger'],No,No,POINT (-73.953941 40.743237)
"DOE - 30-48 Linden Pl, Queens",DOE,30-48 Linden Pl,Queens,11354,40.770185,-73.832925,2,['Level 2 Charger'],No,No,POINT (-73.832925 40.770185)
"DOE - 333 Midland Ave, Staten Island",DOE,333 Midland Ave,Staten Island,10306,40.576725,-74.100726,1,['Level 2 Charger'],No,No,POINT (-74.100726 40.576725)
"DOE - 173 Conover St, Brooklyn",DOE,173 Conover St,Brooklyn,11231,40.677969,-74.014363,1,['Level 2 Charger'],No,No,POINT (-74.014363 40.677969)
"DOE - 143-10 Springfield Blvd, Queens",DOE,143-10 Springfield Blvd,Queens,11413,40.668235,-73.756839,2,['Level 2 Charger'],No,No,POINT (-73.756839 40.668235)
"DOE - 85 St Josephs Ave, Staten Island",DOE,85 St Josephs Ave,Staten Island,10302,40.634573,-74.141818,1,['Level 2 Charger'],No,No,POINT (-74.141818 40.634573)
"DOE - 1434 Longfellow Avenue, Bronx",DOE,1434 Longfellow Avenue,Bronx,10459,40.830589,-73.887587,2,['Level 2 Charger'],No,No,POINT (-73.887587 40.830589)
"DOE - 75 W 205th St, Bronx",DOE,75 W 205th St,Bronx,10468,40.87759,-73.89104,2,['Level 2 Charger'],No,No,POINT (-73.89104 40.87759)
"DOE - 1230 Zerega Ave, Bronx",DOE,1230 Zerega Ave,Bronx,10462,40.833586,-73.845099,3,['Level 2 Charger'],No,No,POINT (-73.845099 40.833586)
"DOE - 525 West 50Th St, Manhattan",DOE,525 West 50Th St,Manhattan,10019,40.765234,-73.993076,2,['Level 2 Charger'],No,No,POINT (-73.993076 40.765234)
"DOE - 5-40 44Th Dr, Queens",DOE,5-40 44Th Dr,Queens,11101,40.749341,-73.954023,1,['Level 2 Charger'],No,No,POINT (-73.954023 40.749341)
"DOE - 49-44 Vernon Blvd, Queens",DOE,49-44 Vernon Blvd,Queens,11101,40.743099,-73.953992,1,['Level 2 Charger'],No,No,POINT (-73.953992 40.743099)
"DOF - 375 Pearl St, Manhattan",DOF,375 Pearl St,Manhattan,10038,40.710207,-74.001125,4,"['Level 2 Charger', 'Level 3 Fast Charger']",No,No,POINT (-74.001125 40.710207)
"DOF - 31-46 Greenpoint Ave, Queens",DOF,31-46 Greenpoint Ave,Queens,11101,40.734714,-73.93697,2,['Level 2 Charger'],No,No,POINT (-73.93697 40.734714)
"DOF - 31-32 Greenpoint Ave, Queens",DOF,31-32 Greenpoint Ave,Queens,11101,40.73466,-73.93711,2,['Level 2 Charger'],No,No,POINT (-73.93711 40.73466)
"DOF - 3010 Starr Ave, Queens",DOF,3010 Starr Ave,Queens,11101,40.737775,-73.938082,2,['Level 3 Fast Charger'],No,No,POINT (-73.938082 40.737775)
"DOH - 5617 56Th Dr, Queens",DOH,5617 56Th Dr,Queens,11378,40.72441,-73.914492,2,['Level 2 Charger'],No,No,POINT (-73.914492 40.72441)
"DOH - 515 Putnam Ave, Brooklyn",DOH,515 Putnam Ave,Brooklyn,11221,40.685146,-73.940431,1,['EV Solar Arc Charger'],No,No,POINT (-73.940431 40.685146)
"DOT - 300 West 206th Street, Manhattan",DOT,300 West 206th Street,Manhattan,10034,40.862564,-73.916487,5,"['Level 2 Charger', 'Level 3 Fast Charger']",No,No,POINT (-73.916487 40.862564)
"DOT - 41-54 22Nd St, Queens",DOT,41-54 22Nd St,Queens,11101,40.752701,-73.942118,6,['Level 2 Charger'],No,No,POINT (-73.942118 40.752701)
"DOT - 9 29Th St, Brooklyn",DOT,9 29Th St,Brooklyn,11232,40.661018,-74.004859,1,['EV Solar Arc Charger'],No,No,POINT (-74.004859 40.661018)
"DOT - 448 Hamilton Ave, Brooklyn",DOT,448 Hamilton Ave,Brooklyn,11232,40.670361,-73.997693,2,['Level 2 Charger'],No,No,POINT (-73.997693 40.670361)
"DOT - 140 58th St, Brooklyn",DOT,140 58th St,Brooklyn,11220,40.645338,-74.022864,3,['Level 2 Charger'],No,No,POINT (-74.022864 40.645338)
"DOT - 25 14th Street, Brooklyn",DOT,25 14th Street,Brooklyn,11215,40.67012,-73.996939,2,['Level 3 Fast Charger'],No,No,POINT (-73.996939 40.67012)
"DOT - 3200 Conner St, Bronx",DOT,3200 Conner St,Bronx,10475,40.880471,-73.821784,1,['Level 3 Fast Charger'],No,No,POINT (-73.821784 40.880471)
"DOT - 166 Columbia St, Brooklyn",DOT,166 Columbia St,Brooklyn,11231,40.686448,-74.002026,1,['Level 2 Charger'],No,No,POINT (-74.002026 40.686448)
"DOT - 184 Columbia St, Brooklyn",DOT,184 Columbia St,Brooklyn,11231,40.686039,-74.002221,1,['Level 2 Charger'],No,No,POINT (-74.002221 40.686039)
"DOT - 1 Bay St, Staten Island",DOT,1 Bay St,Staten Island,10306,40.643733,-74.072789,6,['Level 3 Fast Charger'],No,No,POINT (-74.072789 40.643733)
"DOT - 423 Abbott Rd, Queens",DOT,423 Abbott Rd,Queens,11359,40.79419,-73.77855,2,['Level 2 Charger'],No,No,POINT (-73.77855 40.79419)
"DOT - 69-46 Sybilla St, Queens",DOT,69-46 Sybilla St,Queens,11375,40.709174,-73.854849,2,['EV Solar Arc Charger'],No,No,POINT (-73.854849 40.709174)
"DOT - 32-1 Harper St, Queens",DOT,32-1 Harper St,Queens,11368,40.764388,-73.842368,3,"['EV Solar Arc Charger', 'Level 3 Fast Charger']",No,No,POINT (-73.842368 40.764388)
"DOT - 372 Kent Ave, Brooklyn",DOT,372 Kent Ave,Brooklyn,11249,40.711965,-73.968027,3,['Level 2 Charger'],No,No,POINT (-73.968027 40.711965)
"DOT - 352 Kent Avenue, Brooklyn",DOT,352 Kent Avenue,Brooklyn,11249,40.712571,-73.967756,4,['Level 2 Charger'],No,No,POINT (-73.967756 40.712571)
"DOT - 299 South St, Manhattan",DOT,299 South St,Manhattan,10002,40.710508,-73.986196,5,"['EV Solar Arc Charger', 'Level 2 Charger']",No,No,POINT (-73.986196 40.710508)
"DOT - 10 Richmond Terrace, Staten Island",DOT,10 Richmond Terrace,Staten Island,10301,40.642367,-74.075274,2,['Level 2 Charger'],No,No,POINT (-74.075274 40.642367)
"DOT - 5 Dubois Ave, Staten Island",DOT,5 Dubois Ave,Staten Island,10310,40.631925,-74.129397,2,['Level 2 Charger'],No,No,POINT (-74.129397 40.631925)
"DOT - 1893 Richmond Terrace, Staten Island",DOT,1893 Richmond Terrace,Staten Island,10302,40.637309,-74.128114,3,"['Level 2 Charger', 'Level 3 Fast Charger']",No,No,POINT (-74.128114 40.637309)
"DOT - 99-2703 Richmond Terrace, Staten Island",DOT,99-2703 Richmond Terrace,Staten Island,10303,40.644935,-74.077204,2,['Level 2 Charger'],No,No,POINT (-74.077204 40.644935)
"DOT - 6626 Metropolitan Ave, Queens",DOT,6626 Metropolitan Ave,Queens,11379,40.712377,-73.892143,10,"['Level 2 Charger', 'Level 3 Fast Charger']",No,No,POINT (-73.892143 40.712377)
"DOT - 30-30 Thomson Avenue, Queens",DOT,30-30 Thomson Avenue,Queens,11101,40.745042,-73.936191,2,['Level 3 Fast Charger'],No,No,POINT (-73.936191 40.745042)
"DOT - 2071 White Plains Road, Bronx",DOT,2071 White Plains Road,Bronx,10462,40.8526,-73.867773,8,"['DOT Municipal Level 2 Charger', 'DOT Municipal Level 3 Charger']",Yes,$0.39 per kWh,POINT (-73.867773 40.8526)
"DOT - 39 South Street, Manhattan",DOT,39 South Street,Manhattan,10004,40.703167,-74.008028,22,"['Level 2 Charger', 'Level 3 Fast Charger']",No,No,POINT (-74.008028 40.703167)
"DOT - 34 Wave St, Staten Island",DOT,34 Wave St,Staten Island,10304,40.629667,-74.076027,2,['Level 2 Charger'],No,No,POINT (-74.076027 40.629667)
"DOT - 2144 Webster Ave, Bronx",DOT,2144 Webster Ave,Bronx,10457,40.853544,-73.897301,2,['Level 3 Fast Charger'],No,No,POINT (-73.897301 40.853544)
"DOT - 1 South Street, Manhattan",DOT,1 South Street,Manhattan,10004,40.701283,-74.014578,2,['Level 2 Charger'],No,No,POINT (-74.014578 40.701283)
"DOT - 1400 Williamsbridge Road, Bronx",DOT,1400 Williamsbridge Road,Bronx,10461,40.842206,-73.844168,2,['Level 2 Charger'],No,No,POINT (-73.844168 40.842206)
"DOT - 928 E 76Th St, Brooklyn",DOT,928 E 76Th St,Brooklyn,11236,40.633144,-73.91573,1,['EV Solar Arc Charger'],No,No,POINT (-73.91573 40.633144)
"DOT - 6080 Flatlands Ave, Brooklyn",DOT,6080 Flatlands Ave,Brooklyn,11236,40.633452,-73.916446,1,['Level 3 Fast Charger'],No,No,POINT (-73.916446 40.633452)
"DOT - 58-50 57th Rd, Queens",DOT,58-50 57th Rd,Queens,11378,40.722386,-73.910043,1,['Level 2 Charger'],No,No,POINT (-73.910043 40.722386)
"DOT - 57-50 57Th Rd, Queens",DOT,57-50 57Th Rd,Queens,11378,40.722361,-73.912677,2,['Level 2 Charger'],No,No,POINT (-73.912677 40.722361)
"DOT - 88-26 Pitkin Ave, Queens",DOT,88-26 Pitkin Ave,Queens,11417,40.673779,-73.847565,3,['Level 2 Charger'],No,No,POINT (-73.847565 40.673779)
"DOT - 34-2 Queens Blvd, Queens",DOT,34-2 Queens Blvd,Queens,11101,40.744537,-73.930602,4,['Level 2 Charger'],No,No,POINT (-73.930602 40.744537)
"DPR - 13 East Rd, Queens",DPR,13 East Rd,Queens,11368,40.753928,-73.838823,6,"['EV Solar Arc Charger', 'Level 2 Charger']",No,No,POINT (-73.838823 40.753928)
"DPR - 15 East Rd, Queens",DPR,15 East Rd,Queens,11368,40.754021,-73.838509,12,"['EV Solar Arc Charger', 'Level 2 Charger']",No,No,POINT (-73.838509 40.754021)
"DPR - 131-40 Fowler Ave, Queens",DPR,131-40 Fowler Ave,Queens,11355,40.751616,-73.834155,6,['Level 2 Charger'],No,No,POINT (-73.834155 40.751616)
"DPR - 850 E 138th St, Bronx",DPR,850 E 138th St,Bronx,10454,40.803141,-73.909049,6,"['Level 2 Charger', 'Level 3 Fast Charger']",No,No,POINT (-73.909049 40.803141)
"DPR - 118- 9 155th St, Queens",DPR,118- 9 155th St,Queens,11434,40.681158,-73.787784,5,"['EV Solar Arc Charger', 'Level 2 Charger']",No,No,POINT (-73.787784 40.681158)
"DPR - 330 Bay 8th St, Brooklyn",DPR,330 Bay 8th St,Brooklyn,11228,40.605116,-74.017319,2,['Level 2 Charger'],No,No,POINT (-74.017319 40.605116)
"DPR - 48 West Drive, Brooklyn",DPR,48 West Drive,Brooklyn,11215,40.664987,-73.973384,4,"['EV Solar Arc Charger', 'Level 2 Charger']",No,No,POINT (-73.973384 40.664987)
"DPR - 46 West Dr, Brooklyn",DPR,46 West Dr,Brooklyn,11215,40.665253,-73.973164,2,['Level 2 Charger'],No,No,POINT (-73.973164 40.665253)
"DPR - 50 West Dr, Brooklyn",DPR,50 West Dr,Brooklyn,11215,40.664701,-73.973557,12,['Level 2 Charger'],No,No,POINT (-73.973557 40.664701)
"DPR - 195 Cadman Plaza West, Brooklyn",DPR,195 Cadman Plaza West,Brooklyn,11201,40.69883,-73.991377,4,['Level 2 Charger'],No,No,POINT (-73.991377 40.69883)
"DPR - 1490 Sheridan Blvd., Bronx",DPR,1490 Sheridan Blvd.,Bronx,10459,40.833338,-73.883614,3,"['EV Solar Arc Charger', 'Level 2 Charger']",No,No,POINT (-73.883614 40.833338)
"DPR - 313 Broome St, Manhattan",DPR,313 Broome St,Manhattan,10002,40.718875,-73.992735,2,['Level 2 Charger'],No,No,POINT (-73.992735 40.718875)
"DPR - 1521-1529 E 102Nd St, Brooklyn",DPR,1521-1529 E 102Nd St,Brooklyn,11236,40.635668,-73.885339,1,['EV Solar Arc Charger'],No,No,POINT (-73.885339 40.635668)
"DPR - 1501 E 102nd St, Brooklyn",DPR,1501 E 102nd St,Brooklyn,11236,40.636143,-73.885842,2,['EV Solar Arc Charger'],No,No,POINT (-73.885842 40.636143)
"DPR - 58 Dwight St, Brooklyn",DPR,58 Dwight St,Brooklyn,11231,40.67671,-74.008238,2,['Level 2 Charger'],No,No,POINT (-74.008238 40.67671)
"DPR - Central Park Gothic BridgeWest Dr, Manhattan",DPR,Central Park Gothic BridgeWest Dr,Manhattan,10128,40.78237,-73.965238,2,['Level 2 Charger'],No,No,POINT (-73.965238 40.78237)
"DPR - 1700 Fulton Ave, Bronx",DPR,1700 Fulton Ave,Bronx,10457,40.841369,-73.897872,2,['Level 2 Charger'],No,No,POINT (-73.897872 40.841369)
"DPR - 860 E 138th St, Bronx",DPR,860 E 138th St,Bronx,10454,40.803059,-73.908904,16,['Level 2 Charger'],No,No,POINT (-73.908904 40.803059)
"DPR - 20 Randalls Island Park, Manhattan",DPR,20 Randalls Island Park,Manhattan,10035,40.796655,-73.923829,2,['Level 2 Charger'],No,No,POINT (-73.923829 40.796655)
"DPR - 80-11 Myrtle Avenue, Queens",DPR,80-11 Myrtle Avenue,Queens,11385,40.702998,-73.868023,4,['Level 2 Charger'],No,No,POINT (-73.868023 40.702998)
"DPR - 1121 86th St, Brooklyn",DPR,1121 86th St,Brooklyn,11228,40.61634,-74.017675,1,['EV Solar Arc Charger'],No,No,POINT (-74.017675 40.61634)
"DPR - 7801 57th Avenue, Queens",DPR,7801 57th Avenue,Queens,11373,40.728781,-73.885114,2,['Level 2 Charger'],No,No,POINT (-73.885114 40.728781)
"DPR - 82-92 88th Pl, Queens",DPR,82-92 88th Pl,Queens,11385,40.701545,-73.858223,2,['Level 2 Charger'],No,No,POINT (-73.858223 40.701545)
"DPR - 1010 Queens Plaza South, Queens",DPR,1010 Queens Plaza South,Queens,11101,40.753521,-73.947412,2,['Level 2 Charger'],No,No,POINT (-73.947412 40.753521)
"DPR - 40 W 143rd St, Manhattan",DPR,40 W 143rd St,Manhattan,10037,40.818365,-73.935359,1,['EV Solar Arc Charger'],No,No,POINT (-73.935359 40.818365)
"DPR - 25-50 84th St, Queens",DPR,25-50 84th St,Queens,11370,40.762959,-73.884827,2,['Level 2 Charger'],No,No,POINT (-73.884827 40.762959)
"DPR - 181 East End Ave, Manhattan",DPR,181 East End Ave,Manhattan,10028,40.776309,-73.943758,2,['Level 2 Charger'],No,No,POINT (-73.943758 40.776309)
"DPR - 2301 Amsterdam Avenue, Manhattan",DPR,2301 Amsterdam Avenue,Manhattan,10033,40.843434,-73.934301,2,['Level 2 Charger'],No,No,POINT (-73.934301 40.843434)
"DPR - 10 Central Rd, Manhattan",DPR,10 Central Rd,Manhattan,10035,40.792269,-73.923827,3,['Level 3 Fast Charger'],NYC DC Fast Public Charging,No,POINT (-73.923827 40.792269)
"DPR - 62- 45 71st Street, Queens",DPR,62- 45 71st Street,Queens,11379,40.718332,-73.884865,4,['Level 2 Charger'],No,No,POINT (-73.884865 40.718332)
"DPR - 2529 Neptune Ave, Brooklyn",DPR,2529 Neptune Ave,Brooklyn,11224,40.578084,-73.992966,2,['Level 2 Charger'],No,No,POINT (-73.992966 40.578084)
"DPR - 160-2 Oak Avenue, Queens",DPR,160-2 Oak Avenue,Queens,11365,40.7501,-73.807119,2,['Level 2 Charger'],No,No,POINT (-73.807119 40.7501)
"DPR - 3 W 124th St, Manhattan",DPR,3 W 124th St,Manhattan,10027,40.805856,-73.943,2,['Level 2 Charger'],No,No,POINT (-73.943 40.805856)
"DPR - 3 Iroquois St., Staten Island",DPR,3 Iroquois St.,Staten Island,10305,40.574514,-74.085629,2,"['EV Solar Arc Charger', 'Level 2 Charger']",No,No,POINT (-74.085629 40.574514)
"DPR - 5968 Maj Wm Deegan Blvd, Bronx",DPR,5968 Maj Wm Deegan Blvd,Bronx,10451,40.82064,-73.931104,1,['EV Solar Arc Charger'],No,No,POINT (-73.931104 40.82064)
"DPR - 760 Oriental Blvd, Brooklyn",DPR,760 Oriental Blvd,Brooklyn,11235,40.577846,-73.944047,2,['Level 2 Charger'],No,No,POINT (-73.944047 40.577846)
"DPR - 54-8 43rd St, Queens",DPR,54-8 43rd St,Queens,11378,40.731943,-73.924672,2,['Level 2 Charger'],No,No,POINT (-73.924672 40.731943)
"DPR - 1 Forest Park Dr, Queens",DPR,1 Forest Park Dr,Queens,11421,40.696323,-73.866356,2,['Level 3 Fast Charger'],No,No,POINT (-73.866356 40.696323)
"DPR - 12 Olmsted Dr, Queens",DPR,12 Olmsted Dr,Queens,11368,40.752161,-73.849609,16,"['EV Solar Arc Charger', 'Level 2 Charger']",No,No,POINT (-73.849609 40.752161)
"DPR - 80-30 Park Ln, Queens",DPR,80-30 Park Ln,Queens,11415,40.710954,-73.835147,6,"['EV Solar Arc Charger', 'Level 2 Charger']",No,No,POINT (-73.835147 40.710954)
"DPR - 1001 Queens Plaza S, Queens",DPR,1001 Queens Plaza S,Queens,11101,40.753562,-73.947466,8,['Level 2 Charger'],No,No,POINT (-73.947466 40.753562)
"DPR - 1954-1962 Birchall Ave, Bronx",DPR,1954-1962 Birchall Ave,Bronx,10462,40.848615,-73.868576,4,['Level 2 Charger'],No,No,POINT (-73.868576 40.848615)
"DPR - 1 Bronx River Pkwy, Bronx",DPR,1 Bronx River Pkwy,Bronx,10462,40.847311,-73.870827,14,"['Level 2 Charger', 'Level 3 Fast Charger']",No,No,POINT (-73.870827 40.847311)
"DPR - 126 Hell Gate Circle, Manhattan",DPR,126 Hell Gate Circle,Manhattan,10035,40.786761,-73.928799,2,['Level 2 Charger'],No,No,POINT (-73.928799 40.786761)
"DPR - 111 Sunken Garden Loop, Manhattan",DPR,111 Sunken Garden Loop,Manhattan,10035,40.786373,-73.931656,5,['Level 2 Charger'],No,No,POINT (-73.931656 40.786373)
"DPR - 177-01 Baisley Blvd, Queens",DPR,177-01 Baisley Blvd,Queens,11434,40.686284,-73.768455,4,['Level 2 Charger'],No,No,POINT (-73.768455 40.686284)
"DPR - 150-03 Jamaica Ave, Queens",DPR,150-03 Jamaica Ave,Queens,11432,40.702376,-73.803607,1,['Level 2 Charger'],No,No,POINT (-73.803607 40.702376)
"DPR - 500 W 129th St, Manhattan",DPR,500 W 129th St,Manhattan,10027,40.815204,-73.955246,2,['Level 2 Charger'],No,No,POINT (-73.955246 40.815204)
"DSNY - 650 W 57th St, Manhattan",DSNY,650 W 57th St,Manhattan,10019,40.771149,-73.993415,13,"['Level 2 Charger', 'Level 3 Fast Charger']",No,No,POINT (-73.993415 40.771149)
"DPR - 1150 Clove Road, Staten Island",DPR,1150 Clove Road,Staten Island,10301,40.618239,-74.105161,4,['Level 2 Charger'],No,No,POINT (-74.105161 40.618239)
"DPR - 4119 7th Ave, Brooklyn",DPR,4119 7th Ave,Brooklyn,11232,40.647324,-74.000818,1,['Level 2 Charger'],No,No,POINT (-74.000818 40.647324)
"DPR - 5788 Broadway, Bronx",DPR,5788 Broadway,Bronx,10471,40.884065,-73.901217,1,['EV Solar Arc Charger'],No,No,POINT (-73.901217 40.884065)
"DPR - David Sheridan Plaza, Bronx",DPR,David Sheridan Plaza,Bronx,10471,40.904759,-73.896715,2,['EV Solar Arc Charger'],No,No,POINT (-73.896715 40.904759)
"DPR - 698 West 135Th Street, Manhattan",DPR,698 West 135Th Street,Manhattan,10031,40.821351,-73.958067,2,['Level 2 Charger'],No,No,POINT (-73.958067 40.821351)
"DPR - 161 Chester Ave, Staten Island",DPR,161 Chester Ave,Staten Island,10312,40.52066,-74.184425,1,['EV Solar Arc Charger'],No,No,POINT (-74.184425 40.52066)
"DPR - 830 5th Avenue, Manhattan",DPR,830 5th Avenue,Manhattan,10065,40.767711,-73.970516,4,['Level 2 Charger'],No,No,POINT (-73.970516 40.767711)
"DPR - 20 Bronx Shore Rd, Manhattan",DPR,20 Bronx Shore Rd,Manhattan,10035,40.79952,-73.92227,14,"['Level 2 Charger', 'Level 3 Fast Charger']",No,No,POINT (-73.92227 40.79952)
"DPR - 50 85Th St Transverse, Manhattan",DPR,50 85Th St Transverse,Manhattan,10128,40.781339,-73.962508,2,['Level 2 Charger'],No,No,POINT (-73.962508 40.781339)
"DPR - 95 Prospect Park West, Brooklyn",DPR,95 Prospect Park West,Brooklyn,11215,40.667391,-73.974508,18,['Level 2 Charger'],No,No,POINT (-73.974508 40.667391)
"DPR - 222 Poillon Ave, Staten Island",DPR,222 Poillon Ave,Staten Island,10312,40.530065,-74.176447,2,['Level 2 Charger'],No,No,POINT (-74.176447 40.530065)
"DPR - 575 Arthur Kill Rd, Staten Island",DPR,575 Arthur Kill Rd,Staten Island,10308,40.56161,-74.160443,8,['Level 2 Charger'],No,No,POINT (-74.160443 40.56161)
"DPR - 334 Furman St, Brooklyn",DPR,334 Furman St,Brooklyn,11201,40.693999,-73.999196,2,['Level 2 Charger'],No,No,POINT (-73.999196 40.693999)
"DPR - 110 Kent Ave, Brooklyn",DPR,110 Kent Ave,Brooklyn,11249,40.720795,-73.961226,2,['Level 2 Charger'],No,No,POINT (-73.961226 40.720795)
"DPR - 2-42 N 10Th St, Brooklyn",DPR,2-42 N 10Th St,Brooklyn,11249,40.717655,-73.953014,2,['Level 2 Charger'],No,No,POINT (-73.953014 40.717655)
"DPR - 1831 Unionport Rd, Bronx",DPR,1831 Unionport Rd,Bronx,10462,40.845802,-73.868694,12,['Level 2 Charger'],No,No,POINT (-73.868694 40.845802)
"DPR - 14 Bronx Shore Rd, Manhattan",DPR,14 Bronx Shore Rd,Manhattan,10035,40.79872,-73.921194,12,['Level 2 Charger'],No,No,POINT (-73.921194 40.79872)
"DPR - 37-49 Bronx Shore Rd, Manhattan",DPR,37-49 Bronx Shore Rd,Manhattan,10035,40.800068,-73.925671,2,['Level 2 Charger'],No,No,POINT (-73.925671 40.800068)
"DPR - 298 Satterlee St, Staten Island",DPR,298 Satterlee St,Staten Island,10307,40.502357,-74.25144,2,['Level 2 Charger'],No,No,POINT (-74.25144 40.502357)
"DPR - 19600 Union Tpke, Queens",DPR,19600 Union Tpke,Queens,11366,40.730929,-73.774773,5,"['EV Solar Arc Charger', 'Level 2 Charger']",No,No,POINT (-73.774773 40.730929)
"DPR - 196-03 Grand Central Pkwy, Queens",DPR,196-03 Grand Central Pkwy,Queens,11423,40.725107,-73.771463,2,['Level 2 Charger'],No,No,POINT (-73.771463 40.725107)
"DPR - Cunningham Park State Rte, Queens",DPR,Cunningham Park State Rte,Queens,11366,40.728776,-73.764505,2,['EV Solar Arc Charger'],No,No,POINT (-73.764505 40.728776)
"DPR - 196-10 Union Tpke, Queens",DPR,196-10 Union Tpke,Queens,11366,40.730954,-73.77464,1,['EV Solar Arc Charger'],No,No,POINT (-73.77464 40.730954)
"DPR - 8 Olmsted Dr, Queens",DPR,8 Olmsted Dr,Queens,11368,40.752164,-73.84963,15,"['EV Solar Arc Charger', 'Level 2 Charger']",No,No,POINT (-73.84963 40.752164)
"DPR - 125-40 Roosevelt Ave, Queens",DPR,125-40 Roosevelt Ave,Queens,11355,40.752442,-73.837885,3,['Level 2 Charger'],No,No,POINT (-73.837885 40.752442)
"DPR - 501 Brielle Ave, Staten Island",DPR,501 Brielle Ave,Staten Island,10314,40.592224,-74.13628,2,['Level 2 Charger'],No,No,POINT (-74.13628 40.592224)
"DPR - 25-10 Queens Plaza S, Queens",DPR,25-10 Queens Plaza S,Queens,11101,40.750369,-73.940301,2,['Level 2 Charger'],No,No,POINT (-73.940301 40.750369)
"DPR - 191-249 Nevada Ave, Staten Island",DPR,191-249 Nevada Ave,Staten Island,10306,40.584008,-74.125528,1,['Level 2 Charger'],No,No,POINT (-74.125528 40.584008)
"DPR - 2900 Flatbush Ave, Brooklyn",DPR,2900 Flatbush Ave,Brooklyn,11234,40.600248,-73.912051,3,['EV Solar Arc Charger'],No,No,POINT (-73.912051 40.600248)
"DPR - 20 Randalls Is Rd, Manhattan",DPR,20 Randalls Is Rd,Manhattan,10035,40.795535,-73.922671,2,['Level 2 Charger'],No,No,POINT (-73.922671 40.795535)
"DPR - 600 W 218th St, Manhattan",DPR,600 W 218th St,Manhattan,10034,40.872891,-73.918159,2,['EV Solar Arc Charger'],No,No,POINT (-73.918159 40.872891)
"DPR - 15 Murray Hulbert Ave, Staten Island",DPR,15 Murray Hulbert Ave,Staten Island,10301,40.636297,-74.073382,2,['Level 2 Charger'],No,No,POINT (-74.073382 40.636297)
"DPR - 405 Capodanno Blvd, Staten Island",DPR,405 Capodanno Blvd,Staten Island,10304,40.587755,-74.069261,3,['EV Solar Arc Charger'],No,No,POINT (-74.069261 40.587755)
"DPR - 829 Father Capodanno Blvd, Staten Island",DPR,829 Father Capodanno Blvd,Staten Island,10305,40.575685,-74.083179,2,['EV Solar Arc Charger'],No,No,POINT (-74.083179 40.575685)
"DPR - 920 Father Capodanno Blvd, Staten Island",DPR,920 Father Capodanno Blvd,Staten Island,10305,40.575993,-74.082618,2,['Level 3 Fast Charger'],NYC DC Fast Public Charging,No,POINT (-74.082618 40.575993)
"DPR - 625 Father Capodanno Blvd, Staten Island",DPR,625 Father Capodanno Blvd,Staten Island,10305,40.582243,-74.074594,2,['Level 3 Fast Charger'],NYC DC Fast Public Charging,No,POINT (-74.074594 40.582243)
"DPR - 631-643 Father Capodanno Blvd, Staten Island",DPR,631-643 Father Capodanno Blvd,Staten Island,10305,40.581606,-74.075187,4,['Level 2 Charger'],No,No,POINT (-74.075187 40.581606)
"DPR - 117-2 Roosevelt Ave, Queens",DPR,117-2 Roosevelt Ave,Queens,11368,40.751876,-73.849331,22,['Level 2 Charger'],No,No,POINT (-73.849331 40.751876)
"DPR - 6 Olmsted Dr, Queens",DPR,6 Olmsted Dr,Queens,11368,40.752167,-73.849641,10,['Level 2 Charger'],No,No,POINT (-73.849641 40.752167)
"DPR - 397 Coney Island Ave, Brooklyn",DPR,397 Coney Island Ave,Brooklyn,11218,40.649009,-73.971603,4,['Level 2 Charger'],No,No,POINT (-73.971603 40.649009)
"DPR - 269 Dyckman St, Manhattan",DPR,269 Dyckman St,Manhattan,10034,40.866824,-73.928811,2,['Level 2 Charger'],No,No,POINT (-73.928811 40.866824)
"DPR - 2029 Burr Ave, Bronx",DPR,2029 Burr Ave,Bronx,10461,40.853828,-73.827513,3,['EV Solar Arc Charger'],No,No,POINT (-73.827513 40.853828)
"DPR - 103-68 41st Ave, Queens",DPR,103-68 41st Ave,Queens,11368,40.74913,-73.861966,2,['Level 2 Charger'],No,No,POINT (-73.861966 40.74913)
"DPR - 23-10 Queens Plaza S, Queens",DPR,23-10 Queens Plaza S,Queens,11101,40.751136,-73.94204,2,['Level 2 Charger'],No,No,POINT (-73.94204 40.751136)
"DPR - 8298 88Th Pl, Queens",DPR,8298 88Th Pl,Queens,11385,40.701474,-73.858238,4,['Level 2 Charger'],No,No,POINT (-73.858238 40.701474)
"DPR - 43 Flushing Meadows Corona Park Rd, Queens",DPR,43 Flushing Meadows Corona Park Rd,Queens,11368,40.742377,-73.842157,4,['Level 2 Charger'],No,No,POINT (-73.842157 40.742377)
"DPR - 223 Riverside Dr, Manhattan",DPR,223 Riverside Dr,Manhattan,10025,40.795089,-73.976207,2,['EV Solar Arc Charger'],No,No,POINT (-73.976207 40.795089)
"DPR - 16-25 Seagirt Blvd, Queens",DPR,16-25 Seagirt Blvd,Queens,11694,40.595127,-73.750371,2,['Level 2 Charger'],No,No,POINT (-73.750371 40.595127)
"DPR - 1 Beach 56th Pl, Queens",DPR,1 Beach 56th Pl,Queens,11692,40.590278,-73.786049,1,['EV Solar Arc Charger'],No,No,POINT (-73.786049 40.590278)
"DPR - 9111 Shore Front Pkwy, Queens",DPR,9111 Shore Front Pkwy,Queens,11693,40.584396,-73.813149,1,['EV Solar Arc Charger'],No,No,POINT (-73.813149 40.584396)
"DPR - 8601 Shore Front Pkwy, Queens",DPR,8601 Shore Front Pkwy,Queens,11691,40.584972,-73.810876,1,['EV Solar Arc Charger'],No,No,POINT (-73.810876 40.584972)
"DPR - 9701 Shore Front Pkwy, Queens",DPR,9701 Shore Front Pkwy,Queens,11694,40.583177,-73.817764,1,['EV Solar Arc Charger'],No,No,POINT (-73.817764 40.583177)
"DPR - 858-918 Victory Blvd, Staten Island",DPR,858-918 Victory Blvd,Staten Island,10301,40.62368,-74.094745,2,['Level 2 Charger'],No,No,POINT (-74.094745 40.62368)
"DPR - 42 Revere St, Staten Island",DPR,42 Revere St,Staten Island,10301,40.62852,-74.100238,13,"['EV Solar Arc Charger', 'Level 2 Charger']",No,No,POINT (-74.100238 40.62852)
"DPR - 1550 Lafayette Ave, Bronx",DPR,1550 Lafayette Ave,Bronx,10473,40.819343,-73.878396,1,['Level 2 Charger'],No,No,POINT (-73.878396 40.819343)
"DPR - 375 Sand Ln, Staten Island",DPR,375 Sand Ln,Staten Island,10305,40.59048,-74.06675,2,['Level 2 Charger'],No,No,POINT (-74.06675 40.59048)
"DPR - 208 Totten Ave, Queens",DPR,208 Totten Ave,Queens,11359,40.792442,-73.777563,1,['Level 2 Charger'],No,No,POINT (-73.777563 40.792442)
"DPR - 431 Walter Reed Rd, Queens",DPR,431 Walter Reed Rd,Queens,11359,40.794148,-73.775415,2,['Level 2 Charger'],No,No,POINT (-73.775415 40.794148)
"DPR - 1 Marina Rd, Queens",DPR,1 Marina Rd,Queens,11368,40.760974,-73.857649,1,['EV Solar Arc Charger'],Solar Carport Charging,No,POINT (-73.857649 40.760974)
"DSNY - 161 Varick Ave, Brooklyn",DSNY,161 Varick Ave,Brooklyn,11237,40.711118,-73.928548,21,"['Level 2 Charger', 'Level 3 Fast Charger']",No,No,POINT (-73.928548 40.711118)
"DSNY - 52-35 58th St, Queens",DSNY,52-35 58th St,Queens,11377,40.734883,-73.909957,42,"['Level 2 Charger', 'Level 3 Fast Charger']",No,No,POINT (-73.909957 40.734883)
"DSNY - 606 Milford Street, Brooklyn",DSNY,606 Milford Street,Brooklyn,11208,40.660832,-73.8697,6,['Level 2 Charger'],No,No,POINT (-73.8697 40.660832)
"DSNY - 127 2Nd Ave, Brooklyn",DSNY,127 2Nd Ave,Brooklyn,11215,40.671308,-73.994452,3,['Level 2 Charger'],No,No,POINT (-73.994452 40.671308)
"DSNY - 1595 Washington Ave, Bronx",DSNY,1595 Washington Ave,Bronx,10457,40.839498,-73.90231,4,['Level 2 Charger'],No,No,POINT (-73.90231 40.839498)
"DSNY - 1755 Pacific St, Brooklyn",DSNY,1755 Pacific St,Brooklyn,11213,40.67669,-73.931938,2,['Level 2 Charger'],No,No,POINT (-73.931938 40.67669)
"DSNY - 690 New York Ave, Brooklyn",DSNY,690 New York Ave,Brooklyn,11203,40.657155,-73.947351,2,['Level 2 Charger'],No,No,POINT (-73.947351 40.657155)
"DSNY - 5100 1St Ave, Brooklyn",DSNY,5100 1St Ave,Brooklyn,11232,40.649977,-74.02012,2,['Level 2 Charger'],No,No,POINT (-74.02012 40.649977)
"DSNY - 1824 Shore Parkway, Brooklyn",DSNY,1824 Shore Parkway,Brooklyn,11214,40.591314,-73.994488,8,"['EV Solar Arc Charger', 'Level 2 Charger']",No,No,POINT (-73.994488 40.591314)
"DSNY - 5602 19th Ave, Brooklyn",DSNY,5602 19th Ave,Brooklyn,11204,40.622889,-73.982824,4,"['EV Solar Arc Charger', 'Level 2 Charger']",No,No,POINT (-73.982824 40.622889)
"DSNY - 2012 Neptune Ave, Brooklyn",DSNY,2012 Neptune Ave,Brooklyn,11224,40.578665,-73.987588,1,['EV Solar Arc Charger'],No,No,POINT (-73.987588 40.578665)
"DSNY - 1397 Ralph Ave, Brooklyn",DSNY,1397 Ralph Ave,Brooklyn,11236,40.642674,-73.919717,2,['Level 2 Charger'],No,No,POINT (-73.919717 40.642674)
"DSNY - 50 Wortman Ave, Brooklyn",DSNY,50 Wortman Ave,Brooklyn,11207,40.654488,-73.890676,2,['Level 3 Fast Charger'],No,No,POINT (-73.890676 40.654488)
"DSNY - 10502 Avenue D, Brooklyn",DSNY,10502 Avenue D,Brooklyn,11236,40.653831,-73.901511,3,"['Level 2 Charger', 'Level 3 Fast Charger']",No,No,POINT (-73.901511 40.653831)
"DSNY - 105-01 Foster Ave, Brooklyn",DSNY,105-01 Foster Ave,Brooklyn,11236,40.627727,-73.976281,4,"['Level 2 Charger', 'Level 3 Fast Charger']",No,No,POINT (-73.976281 40.627727)
"DSNY - 110 E 131st St, Manhattan",DSNY,110 E 131st St,Manhattan,10037,40.808657,-73.935809,8,['Level 2 Charger'],No,No,POINT (-73.935809 40.808657)
"DSNY - 650 Casanova St, Bronx",DSNY,650 Casanova St,Bronx,10474,40.812786,-73.889857,2,['Level 2 Charger'],No,No,POINT (-73.889857 40.812786)
"DSNY - 525 Johnson Ave, Brooklyn",DSNY,525 Johnson Ave,Brooklyn,11237,40.708726,-73.926318,4,['Level 2 Charger'],No,No,POINT (-73.926318 40.708726)
"DSNY - 1331 Cromwell Ave, Bronx",DSNY,1331 Cromwell Ave,Bronx,10452,40.839273,-73.920629,1,['Level 2 Charger'],No,No,POINT (-73.920629 40.839273)
"DSNY - 465 Hamilton Ave, Brooklyn",DSNY,465 Hamilton Ave,Brooklyn,11232,40.669156,-73.996907,2,['Level 2 Charger'],No,No,POINT (-73.996907 40.669156)
"DSNY - 800 E 176Th St, Bronx",DSNY,800 E 176Th St,Bronx,10460,40.842053,-73.889504,9,"['Level 2 Charger', 'Level 3 Fast Charger']",No,No,POINT (-73.889504 40.842053)
"DSNY - 850 Zerega Ave, Bronx",DSNY,850 Zerega Ave,Bronx,10473,40.825144,-73.843139,4,['Level 2 Charger'],No,No,POINT (-73.843139 40.825144)
"DSNY - 1635 E 233Rd St, Bronx",DSNY,1635 E 233Rd St,Bronx,10475,40.888188,-73.826903,8,['Level 2 Charger'],No,No,POINT (-73.826903 40.888188)
"DSNY - 10601 Avenue D, Brooklyn",DSNY,10601 Avenue D,Brooklyn,11236,40.654363,-73.900725,4,['Level 2 Charger'],No,No,POINT (-73.900725 40.654363)
"DSNY - 401 E 105th St, Brooklyn",DSNY,401 E 105th St,Brooklyn,11236,40.653513,-73.901371,2,['Level 2 Charger'],No,No,POINT (-73.901371 40.653513)
"DSNY - 50 Aviation Rd, Brooklyn",DSNY,50 Aviation Rd,Brooklyn,11234,40.591839,-73.882699,3,['EV Solar Arc Charger'],No,No,POINT (-73.882699 40.591839)
"DSNY - 80 Henry Street, Manhattan",DSNY,80 Henry Street,Manhattan,10002,40.71307,-73.993821,3,['Level 2 Charger'],No,No,POINT (-73.993821 40.71307)
"DSNY - 640 West 26Th Street, Manhattan",DSNY,640 West 26Th Street,Manhattan,10001,40.751183,-74.006594,9,"['Level 2 Charger', 'Level 3 Fast Charger']",No,No,POINT (-74.006594 40.751183)
"DSNY - 353 Spring St, Manhattan",DSNY,353 Spring St,Manhattan,10013,40.726159,-74.010712,12,"['Level 2 Charger', 'Level 3 Fast Charger']",No,No,POINT (-74.010712 40.726159)
"DSNY - 299 South St, Manhattan",DSNY,299 South St,Manhattan,10002,40.710508,-73.986196,4,['Level 3 Fast Charger'],No,No,POINT (-73.986196 40.710508)
"DSNY - 1787 W Farms Rd, Bronx",DSNY,1787 W Farms Rd,Bronx,10460,40.836086,-73.882066,2,['Level 2 Charger'],No,No,POINT (-73.882066 40.836086)
"DSNY - 4036 9th Ave, Manhattan",DSNY,4036 9th Ave,Manhattan,10034,40.869218,-73.913033,2,['Level 2 Charger'],No,No,POINT (-73.913033 40.869218)
"DSNY - 125 E 149th St, Bronx",DSNY,125 E 149th St,Bronx,10451,40.818987,-73.928909,2,['Level 2 Charger'],No,No,POINT (-73.928909 40.818987)
"DSNY - 1921 Park Ave, Manhattan",DSNY,1921 Park Ave,Manhattan,10037,40.808361,-73.936604,2,['Level 2 Charger'],No,No,POINT (-73.936604 40.808361)
"DSNY - 110 E 130th St, Manhattan",DSNY,110 E 130th St,Manhattan,10037,40.808023,-73.936268,2,['Level 2 Charger'],No,No,POINT (-73.936268 40.808023)
"DSNY - 217 E 127th St, Manhattan",DSNY,217 E 127th St,Manhattan,10035,40.804756,-73.934281,8,['Level 2 Charger'],No,No,POINT (-73.934281 40.804756)
"DSNY - 301 W 215 St, Manhattan",DSNY,301 W 215 St,Manhattan,10034,40.868199,-73.911997,4,"['Level 2 Charger', 'Level 3 Fast Charger']",No,No,POINT (-73.911997 40.868199)
"DSNY - 34-28 21st St, Queens",DSNY,34-28 21st St,Queens,11106,40.762336,-73.934464,2,['Level 3 Fast Charger'],No,No,POINT (-73.934464 40.762336)
"DSNY - 58-1 52 Rd, Queens",DSNY,58-1 52 Rd,Queens,11377,40.734957,-73.909719,1,['Level 2 Charger'],No,No,POINT (-73.909719 40.734957)
"DSNY - 48-01 58 Rd, Queens",DSNY,48-01 58 Rd,Queens,11378,40.720249,-73.922845,11,"['Level 2 Charger', 'Level 3 Fast Charger']",No,No,POINT (-73.922845 40.720249)
"DSNY - 120-15 31St Ave, Queens",DSNY,120-15 31St Ave,Queens,11354,40.769692,-73.847197,5,"['Level 2 Charger', 'Level 3 Fast Charger']",No,No,POINT (-73.847197 40.769692)
"DSNY - 30-19 122Nd St, Queens",DSNY,30-19 122Nd St,Queens,11354,40.770849,-73.846552,7,['Level 2 Charger'],No,No,POINT (-73.846552 40.770849)
"DSNY - 13287 Atlantic Ave, Queens",DSNY,13287 Atlantic Ave,Queens,11418,40.69657,-73.816405,3,"['Level 2 Charger', 'Level 3 Fast Charger']",No,No,POINT (-73.816405 40.69657)
"DSNY - 133-20 Atlantic Ave, Queens",DSNY,133-20 Atlantic Ave,Queens,11418,40.696682,-73.81595,2,['Level 2 Charger'],No,No,POINT (-73.81595 40.696682)
"DSNY - 130-23 150Th Ave, Queens",DSNY,130-23 150Th Ave,Queens,11430,40.664778,-73.810159,10,['Level 2 Charger'],No,No,POINT (-73.810159 40.664778)
"DSNY - 153-67 146Th Ave, Queens",DSNY,153-67 146Th Ave,Queens,11434,40.664629,-73.784675,4,['Level 2 Charger'],No,No,POINT (-73.784675 40.664629)
"DSNY - 74-75 Douglaston Parkway, Queens",DSNY,74-75 Douglaston Parkway,Queens,11362,40.743829,-73.734509,2,['Level 3 Fast Charger'],No,No,POINT (-73.734509 40.743829)
"DSNY - 51-10 Almeda Ave, Queens",DSNY,51-10 Almeda Ave,Queens,11691,40.597844,-73.782485,6,"['Level 2 Charger', 'Level 3 Fast Charger']",No,No,POINT (-73.782485 40.597844)
"DSNY - 52-07 58th St, Queens",DSNY,52-07 58th St,Queens,11377,40.735462,-73.909675,13,"['Level 2 Charger', 'Level 3 Fast Charger']",No,No,POINT (-73.909675 40.735462)
"DSNY - 2 Muldoon Ave, Staten Island",DSNY,2 Muldoon Ave,Staten Island,10314,40.575017,-74.196645,1,['Level 2 Charger'],No,No,POINT (-74.196645 40.575017)
"DSNY - 1000 W. Service RD, Staten Island",DSNY,1000 W. Service RD,Staten Island,10314,40.571144,-74.195327,16,"['EV Solar Arc Charger', 'Level 2 Charger']",No,No,POINT (-74.195327 40.571144)
"DSNY - 2538 Richmond Ave, Staten Island",DSNY,2538 Richmond Ave,Staten Island,10314,40.586223,-74.168484,3,"['EV Solar Arc Charger', 'Level 3 Fast Charger']",No,No,POINT (-74.168484 40.586223)
"DSNY - 3 Muldoon Ave, Staten Island",DSNY,3 Muldoon Ave,Staten Island,10314,40.575234,-74.196696,6,['EV Solar Arc Charger'],No,No,POINT (-74.196696 40.575234)
"DSNY - 2500 Richmond Ave, Staten Island",DSNY,2500 Richmond Ave,Staten Island,10314,40.586997,-74.168316,4,['Level 2 Charger'],No,No,POINT (-74.168316 40.586997)
"DSNY - 450 West Service Road, Staten Island",DSNY,450 West Service Road,Staten Island,10314,40.583744,-74.193041,2,['Level 2 Charger'],No,No,POINT (-74.193041 40.583744)
"DSNY - 600 West Service Road, Staten Island",DSNY,600 West Service Road,Staten Island,10314,40.583069,-74.192892,1,['EV Solar Arc Charger'],No,No,POINT (-74.192892 40.583069)
"FDNY - 48-34 35Th St, Queens",FDNY,48-34 35Th St,Queens,11101,40.740165,-73.930693,3,['Level 2 Charger'],No,No,POINT (-73.930693 40.740165)
"FDNY - 48-58 35Th St, Queens",FDNY,48-58 35Th St,Queens,11101,40.740126,-73.9307,1,['Level 2 Charger'],No,No,POINT (-73.9307 40.740126)
"FDNY - 35 Empire Blvd, Brooklyn",FDNY,35 Empire Blvd,Brooklyn,11205,40.663276,-73.961227,1,['Level 2 Charger'],No,No,POINT (-73.961227 40.663276)
"FDNY - 418 A Weaver Ave, Queens",FDNY,418 A Weaver Ave,Queens,11359,40.793414,-73.775096,1,['Level 2 Charger'],No,No,POINT (-73.775096 40.793414)
"FDNY - 5600 1st Ave, Brooklyn",FDNY,5600 1st Ave,Brooklyn,11220,40.646985,-74.022721,2,['Level 2 Charger'],No,No,POINT (-74.022721 40.646985)
"FDNY - 453 E 176th St, Bronx",FDNY,453 E 176th St,Bronx,10457,40.846206,-73.899394,1,['Level 2 Charger'],No,No,POINT (-73.899394 40.846206)
"FDNY - 1647 Washington Ave, Bronx",FDNY,1647 Washington Ave,Bronx,10457,40.840839,-73.901556,1,['Level 3 Fast Charger'],No,No,POINT (-73.901556 40.840839)
"FDNY - 100 Duane Street, Manhattan",FDNY,100 Duane Street,Manhattan,10007,40.715463,-74.005938,1,['Level 2 Charger'],No,No,POINT (-74.005938 40.715463)
"FDNY - Randalls Island Fire Academy, Manhattan",FDNY,Randalls Island Fire Academy,Manhattan,10035,40.795535,-73.922671,2,['Level 2 Charger'],No,No,POINT (-73.922671 40.795535)
"FDNY - 400 Murray Ave, Queens",FDNY,400 Murray Ave,Queens,11359,40.79273,-73.777616,1,['Level 2 Charger'],No,No,POINT (-73.777616 40.79273)
"FDNY - 402 Murray Ave, Queens",FDNY,402 Murray Ave,Queens,11359,40.79314,-73.777925,2,['Level 2 Charger'],No,No,POINT (-73.777925 40.79314)
"FDNY - 30-30 Review Ave, Queens",FDNY,30-30 Review Ave,Queens,11101,40.736818,-73.939753,2,['Level 2 Charger'],No,No,POINT (-73.939753 40.736818)
"FDNY - 9 Metrotech Center, Brooklyn",FDNY,9 Metrotech Center,Brooklyn,11201,40.69486,-73.984674,10,['Level 2 Charger'],No,No,POINT (-73.984674 40.69486)
"FDNY - 475 Brielle Ave, Staten Island",FDNY,475 Brielle Ave,Staten Island,10314,40.593273,-74.135732,2,['Level 2 Charger'],No,No,POINT (-74.135732 40.593273)
"FDNY - 135-16 38th Ave, Queens",FDNY,135-16 38th Ave,Queens,11354,40.760328,-73.832112,1,['Level 2 Charger'],No,No,POINT (-73.832112 40.760328)
"HPD - 701 Euclid Ave, Brooklyn",HPD,701 Euclid Ave,Brooklyn,11208,40.669676,-73.870515,2,['Level 3 Fast Charger'],No,No,POINT (-73.870515 40.669676)
"HRA - 260 11th Ave, Manhattan",HRA,260 11th Ave,Manhattan,10001,40.75131,-74.005233,16,['Level 2 Charger'],No,No,POINT (-74.005233 40.75131)
"HRA - 95 Evergreen Avenue, Brooklyn",HRA,95 Evergreen Avenue,Brooklyn,11206,40.699927,-73.932531,2,['Level 3 Fast Charger'],No,No,POINT (-73.932531 40.699927)
"HRA - 10300 Foster Avenue, Brooklyn",HRA,10300 Foster Avenue,Brooklyn,11236,40.651177,-73.901274,1,['EV Solar Arc Charger'],No,No,POINT (-73.901274 40.651177)
"NYCHA - 23 Ash St, Brooklyn",NYCHA,23 Ash St,Brooklyn,11222,40.738096,-73.954533,6,['Level 2 Charger'],No,No,POINT (-73.954533 40.738096)
"NYCHA - 1260 Sutter Ave, Brooklyn",NYCHA,1260 Sutter Ave,Brooklyn,11208,40.672807,-73.871627,1,['EV Solar Arc Charger'],No,No,POINT (-73.871627 40.672807)
"NYCHA - 67 35th St, Brooklyn",NYCHA,67 35th St,Brooklyn,11232,40.656695,-74.006815,1,['EV Solar Arc Charger'],No,No,POINT (-74.006815 40.656695)
"NYCHA - 1980 Lexington Ave, Manhattan",NYCHA,1980 Lexington Ave,Manhattan,10035,40.801789,-73.939319,1,['Level 2 Charger'],No,No,POINT (-73.939319 40.801789)
"NYCHA - 90-20 170Th St, Queens",NYCHA,90-20 170Th St,Queens,11432,40.708578,-73.790579,1,['Level 2 Charger'],No,No,POINT (-73.790579 40.708578)
"NYCHA - 35-35 21st St, Queens",NYCHA,35-35 21st St,Queens,11106,40.760888,-73.935819,1,['EV Solar Arc Charger'],No,No,POINT (-73.935819 40.760888)
"NYCHA - 1741 Bruckner Blvd, Bronx",NYCHA,1741 Bruckner Blvd,Bronx,10472,40.825243,-73.867481,1,['EV Solar Arc Charger'],No,No,POINT (-73.867481 40.825243)
"NYCHA - 3 St. James Pl, Manhattan",NYCHA,3 St. James Pl,Manhattan,10038,40.71108,-74.000397,3,"['EV Solar Arc Charger', 'Level 2 Charger']",No,No,POINT (-74.000397 40.71108)
"NYPD - 87-34 118th St, Queens",NYPD,87-34 118th St,Queens,11418,40.699311,-73.83157,2,['Level 2 Charger'],No,No,POINT (-73.83157 40.699311)
"NYPD - 103-53 101st St, Queens",NYPD,103-53 101st St,Queens,11417,40.682344,-73.840046,1,['Level 2 Charger'],No,No,POINT (-73.840046 40.682344)
"NYPD - 71-01 Parsons Blvd, Queens",NYPD,71-01 Parsons Blvd,Queens,11365,40.7301,-73.810908,1,['Level 2 Charger'],No,No,POINT (-73.810908 40.7301)
"NYPD - 68-40 Austin St, Queens",NYPD,68-40 Austin St,Queens,11375,40.722429,-73.850982,1,['Level 2 Charger'],No,No,POINT (-73.850982 40.722429)
"NYPD - 167-02 Baisley Blvd, Queens",NYPD,167-02 Baisley Blvd,Queens,11434,40.679976,-73.776214,1,['Level 2 Charger'],No,No,POINT (-73.776214 40.679976)
"NYPD - 3416 Astoria Blvd, Queens",NYPD,3416 Astoria Blvd,Queens,11103,40.769581,-73.915593,1,['Level 3 Fast Charger'],No,No,POINT (-73.915593 40.769581)
"NYPD - 92-01 Northern Blvd, Queens",NYPD,92-01 Northern Blvd,Queens,11372,40.75656,-73.87593,1,['Level 3 Fast Charger'],No,No,POINT (-73.87593 40.75656)
"NYPD - 244-04 North Conduit Avenue, Queens",NYPD,244-04 North Conduit Avenue,Queens,11422,40.666567,-73.733465,9,"['Level 2 Charger', 'Level 3 Fast Charger']",No,No,POINT (-73.733465 40.666567)
"NYPD - 242-20 N Conduit Ave, Queens",NYPD,242-20 N Conduit Ave,Queens,11422,40.666572,-73.735563,1,['Level 2 Charger'],No,No,POINT (-73.735563 40.666572)
"NYPD - 970 Richmond Ave, Staten Island",NYPD,970 Richmond Ave,Staten Island,10314,40.623595,-74.149133,5,['Level 2 Charger'],No,No,POINT (-74.149133 40.623595)
"NYPD - 116 Main St, Staten Island",NYPD,116 Main St,Staten Island,10307,40.512,-74.249725,1,['Level 2 Charger'],No,No,POINT (-74.249725 40.512)
"NYPD - 167 E 51st St, Manhattan",NYPD,167 E 51st St,Manhattan,10022,40.756812,-73.971142,1,['Level 2 Charger'],No,No,POINT (-73.971142 40.756812)
"NYPD - 844 3rd Ave, Manhattan",NYPD,844 3rd Ave,Manhattan,10022,40.756738,-73.970117,1,['Level 2 Charger'],No,No,POINT (-73.970117 40.756738)
"NYPD - 157 E 67th St, Manhattan",NYPD,157 E 67th St,Manhattan,10065,40.76696,-73.963856,1,['Level 3 Fast Charger'],No,No,POINT (-73.963856 40.76696)
"NYPD - 120 E 119th St, Manhattan",NYPD,120 E 119th St,Manhattan,10035,40.800892,-73.941025,3,['Level 2 Charger'],No,No,POINT (-73.941025 40.800892)
"NYPD - 451 W 151st St, Manhattan",NYPD,451 W 151st St,Manhattan,10031,40.828615,-73.943847,4,"['Level 2 Charger', 'Level 3 Fast Charger']",No,No,POINT (-73.943847 40.828615)
"NYPD - 242 W 135th St, Manhattan",NYPD,242 W 135th St,Manhattan,10030,40.815834,-73.944978,1,['Level 2 Charger'],No,No,POINT (-73.944978 40.815834)
"NYPD - 250 W 135th St, Manhattan",NYPD,250 W 135th St,Manhattan,10030,40.815908,-73.945151,1,['Level 2 Charger'],No,No,POINT (-73.945151 40.815908)
"NYPD - 2207 Amsterdam Ave, Manhattan",NYPD,2207 Amsterdam Ave,Manhattan,10032,40.840712,-73.93564,2,['Level 2 Charger'],No,No,POINT (-73.93564 40.840712)
"NYPD - 4295 Broadway, Manhattan",NYPD,4295 Broadway,Manhattan,10033,40.85126,-73.935186,2,['Level 2 Charger'],No,No,POINT (-73.935186 40.85126)
"NYPD - 257 Alexander Ave, Bronx",NYPD,257 Alexander Ave,Bronx,10454,40.810347,-73.924941,1,['Level 2 Charger'],No,No,POINT (-73.924941 40.810347)
"NYPD - 555 E 149th St, Bronx",NYPD,555 E 149th St,Bronx,10455,40.814502,-73.913629,2,['Level 2 Charger'],No,No,POINT (-73.913629 40.814502)
"NYPD - 1035 Longwood Avenue, Bronx",NYPD,1035 Longwood Avenue,Bronx,10459,40.816198,-73.896,4,"['Level 2 Charger', 'Level 3 Fast Charger']",No,No,POINT (-73.896 40.816198)
"NYPD - 1925 Bath Ave, Brooklyn",NYPD,1925 Bath Ave,Brooklyn,11214,40.602329,-74.00318,1,['Level 2 Charger'],No,No,POINT (-74.00318 40.602329)
"NYPD - 5822 16th Ave, Brooklyn",NYPD,5822 16th Ave,Brooklyn,11204,40.625843,-73.990929,1,['Level 2 Charger'],No,No,POINT (-73.990929 40.625843)
"NYPD - 2900 Snyder Ave, Brooklyn",NYPD,2900 Snyder Ave,Brooklyn,11226,40.648867,-73.950471,1,['Level 2 Charger'],No,No,POINT (-73.950471 40.648867)
"NYPD - 333 65th St, Brooklyn",NYPD,333 65th St,Brooklyn,11220,40.638827,-74.022721,2,['Level 2 Charger'],No,No,POINT (-74.022721 40.638827)
"NYPD - 9720 Foster Ave, Brooklyn",NYPD,9720 Foster Ave,Brooklyn,11236,40.648606,-73.905256,2,['Level 2 Charger'],No,No,POINT (-73.905256 40.648606)
"NYPD - 421 Empire Boulevard, Brooklyn",NYPD,421 Empire Boulevard,Brooklyn,11225,40.664113,-73.947763,4,"['Level 2 Charger', 'Level 3 Fast Charger']",No,No,POINT (-73.947763 40.664113)
"NYPD - 830 4 Ave, Brooklyn",NYPD,830 4 Ave,Brooklyn,11232,40.65815,-74.00044,4,"['Level 2 Charger', 'Level 3 Fast Charger']",No,No,POINT (-74.00044 40.65815)
"NYPD - 1470 East New York Avenue, Brooklyn",NYPD,1470 East New York Avenue,Brooklyn,11212,40.671122,-73.913501,4,['Level 3 Fast Charger'],No,No,POINT (-73.913501 40.671122)
"NYPD - 25 Pitt St, Manhattan",NYPD,25 Pitt St,Manhattan,10002,40.716401,-73.983493,1,['Level 3 Fast Charger'],No,No,POINT (-73.983493 40.716401)
"NYPD - 30 Ralph Ave, Brooklyn",NYPD,30 Ralph Ave,Brooklyn,11221,40.689456,-73.924024,2,['Level 2 Charger'],No,No,POINT (-73.924024 40.689456)
"NYPD - 480 Knickerbocker Ave, Brooklyn",NYPD,480 Knickerbocker Ave,Brooklyn,11237,40.698466,-73.917768,1,['Level 2 Charger'],No,No,POINT (-73.917768 40.698466)
"NYPD - 487 Broadway, Brooklyn",NYPD,487 Broadway,Brooklyn,11211,40.7063,-73.951781,1,['Level 2 Charger'],No,No,POINT (-73.951781 40.7063)
"NYPD - 500 Abbot Street, Bronx",NYPD,500 Abbot Street,Bronx,10470,40.908297,-73.853698,3,['Level 2 Charger'],No,No,POINT (-73.853698 40.908297)
"NYPD - 92-33 168th St, Queens",NYPD,92-33 168th St,Queens,11433,40.705661,-73.79211,2,['Level 2 Charger'],No,No,POINT (-73.79211 40.705661)
"NYPD - 59-06 Laurel Hill Blvd, Queens",NYPD,59-06 Laurel Hill Blvd,Queens,11377,40.736834,-73.906426,10,"['Level 2 Charger', 'Level 3 Fast Charger']",No,No,POINT (-73.906426 40.736834)
"NYPD - 235 E 20Th St, Manhattan",NYPD,235 E 20Th St,Manhattan,10003,40.736468,-73.983311,2,['Level 3 Fast Charger'],No,No,POINT (-73.983311 40.736468)
"NYPD - 31-40 College Point Blvd, Queens",NYPD,31-40 College Point Blvd,Queens,11354,40.76822,-73.840605,1,['Level 2 Charger'],No,No,POINT (-73.840605 40.76822)
"NYPD - 31-22 College Point Blvd, Queens",NYPD,31-22 College Point Blvd,Queens,11354,40.768682,-73.841095,3,['Level 2 Charger'],No,No,POINT (-73.841095 40.768682)
"NYPD - 53-15 58Th St, Queens",NYPD,53-15 58Th St,Queens,11377,40.733733,-73.91054,2,['Level 3 Fast Charger'],No,No,POINT (-73.91054 40.733733)
"NYPD - 3260 Flatbush Ave, Brooklyn",NYPD,3260 Flatbush Ave,Brooklyn,11234,40.588627,-73.899217,2,['EV Solar Arc Charger'],No,No,POINT (-73.899217 40.588627)
"NYPD - 3159 Flatbush Ave, Brooklyn",NYPD,3159 Flatbush Ave,Brooklyn,11234,40.589157,-73.899781,1,['EV Solar Arc Charger'],No,No,POINT (-73.899781 40.589157)
"NYPD - 150-14 Jamaica Avenue, Queens",NYPD,150-14 Jamaica Avenue,Queens,11432,40.702193,-73.804192,2,['Level 3 Fast Charger'],No,No,POINT (-73.804192 40.702193)
"NYPD - 2900 Flatbush Ave, Brooklyn",NYPD,2900 Flatbush Ave,Brooklyn,11234,40.600248,-73.912051,4,['Level 2 Charger'],No,No,POINT (-73.912051 40.600248)
"NYPD - 306 W 54th St, Manhattan",NYPD,306 W 54th St,Manhattan,10019,40.765016,-73.984835,2,['Level 2 Charger'],No,No,POINT (-73.984835 40.765016)
"NYPD - 357 W 35th St, Manhattan",NYPD,357 W 35th St,Manhattan,10001,40.753599,-73.994712,2,['Level 2 Charger'],No,No,POINT (-73.994712 40.753599)
"NYPD - 37-05 Union St, Queens",NYPD,37-05 Union St,Queens,11354,40.762286,-73.827436,2,['Level 2 Charger'],No,No,POINT (-73.827436 40.762286)
"NYPD - 2877 Barkley Ave, Bronx",NYPD,2877 Barkley Ave,Bronx,10465,40.830714,-73.827125,1,['Level 2 Charger'],No,No,POINT (-73.827125 40.830714)
"NYPD - 4111 Laconia Ave, Bronx",NYPD,4111 Laconia Ave,Bronx,10466,40.887306,-73.84727,6,['Level 2 Charger'],No,No,POINT (-73.84727 40.887306)
"NYPD - 2860 W 23Rd St, Brooklyn",NYPD,2860 W 23Rd St,Brooklyn,11224,40.576884,-73.990241,1,['Level 3 Fast Charger'],No,No,POINT (-73.990241 40.576884)
"NYPD - 25 Central Ave, Brooklyn",NYPD,25 Central Ave,Brooklyn,11206,40.70226,-73.932478,2,['Level 3 Fast Charger'],No,No,POINT (-73.932478 40.70226)
"NYPD - 130 Loisaida Ave, Manhattan",NYPD,130 Loisaida Ave,Manhattan,10009,40.724887,-73.978259,3,['Level 2 Charger'],No,No,POINT (-73.978259 40.724887)
"NYPD - 136 Loisaida Ave, Manhattan",NYPD,136 Loisaida Ave,Manhattan,10009,40.725041,-73.978148,1,['Level 2 Charger'],No,No,POINT (-73.978148 40.725041)
"NYPD - 126 Loisaida Ave, Manhattan",NYPD,126 Loisaida Ave,Manhattan,10009,40.724783,-73.978335,2,['Level 2 Charger'],No,No,POINT (-73.978335 40.724783)
"NYPD - 221 E 123rd St, Manhattan",NYPD,221 E 123rd St,Manhattan,10035,40.802127,-73.936108,2,['Level 2 Charger'],No,No,POINT (-73.936108 40.802127)
"NYPD - 737 Melrose Ave, Bronx",NYPD,737 Melrose Ave,Bronx,10451,40.820729,-73.915665,2,['Level 2 Charger'],No,No,POINT (-73.915665 40.820729)
"NYPD - Rodmans Neck, Bronx",NYPD,Rodmans Neck,Bronx,10464,40.855351,-73.801579,2,['Level 3 Fast Charger'],No,No,POINT (-73.801579 40.855351)
"NYPD - 174-20 N Boundary Rd, Queens",NYPD,174-20 N Boundary Rd,Queens,11430,40.657122,-73.771566,6,['Level 2 Charger'],No,No,POINT (-73.771566 40.657122)
"NYPD - 521 W 57th St, Manhattan",NYPD,521 W 57th St,Manhattan,10019,40.76948,-73.989397,1,['Level 3 Fast Charger'],No,No,POINT (-73.989397 40.76948)
"NYPD - 1278 Sedgwick Ave, Bronx",NYPD,1278 Sedgwick Ave,Bronx,10452,40.840261,-73.928514,1,['Level 2 Charger'],No,No,POINT (-73.928514 40.840261)
"NYPD - 188 West 230th Street, Bronx",NYPD,188 West 230th Street,Bronx,10463,40.876963,-73.905802,2,['Level 3 Fast Charger'],No,No,POINT (-73.905802 40.876963)
"NYPD - 460 Morris Park Avenue, Bronx",NYPD,460 Morris Park Avenue,Bronx,10460,40.841527,-73.87232,2,['Level 3 Fast Charger'],No,No,POINT (-73.87232 40.841527)
"NYPD - 80 John Street, Manhattan",NYPD,80 John Street,Manhattan,10038,40.708445,-74.006886,2,['Level 3 Fast Charger'],No,No,POINT (-74.006886 40.708445)
"NYPD - 92-08 222Nd St, Queens",NYPD,92-08 222Nd St,Queens,11428,40.726329,-73.734788,2,['Level 2 Charger'],No,No,POINT (-73.734788 40.726329)
"NYPD - 2320 Hylan Blvd, Staten Island",NYPD,2320 Hylan Blvd,Staten Island,10306,40.5743,-74.105888,3,['Level 2 Charger'],No,No,POINT (-74.105888 40.5743)
"NYPD - 1264 River Ave, Bronx",NYPD,1264 River Ave,Bronx,10452,40.837181,-73.920451,2,['Level 2 Charger'],No,No,POINT (-73.920451 40.837181)
"NYPD - 2121 Eastchestr Rd, Bronx",NYPD,2121 Eastchestr Rd,Bronx,10461,40.856047,-73.843944,2,['Level 2 Charger'],No,No,POINT (-73.843944 40.856047)
"NYPD - 2927 W 8Th St, Brooklyn",NYPD,2927 W 8Th St,Brooklyn,11224,40.576822,-73.976465,2,['Level 2 Charger'],No,No,POINT (-73.976465 40.576822)
"NYPD - 1016 Gravesend Neck Rd, Brooklyn",NYPD,1016 Gravesend Neck Rd,Brooklyn,11223,40.59445,-73.960233,2,['Level 2 Charger'],No,No,POINT (-73.960233 40.59445)
"NYPD - 401 Thomas S Boyland St, Brooklyn",NYPD,401 Thomas S Boyland St,Brooklyn,11212,40.670653,-73.913955,2,['Level 2 Charger'],No,No,POINT (-73.913955 40.670653)
"NYPD - 19 1/2 Pitt St, Manhattan",NYPD,19 1/2 Pitt St,Manhattan,10002,40.716209,-73.983605,2,['Level 2 Charger'],No,No,POINT (-73.983605 40.716209)
"NYPD - 3529 College Point Blvd, Queens",NYPD,3529 College Point Blvd,Queens,11354,40.762473,-73.835496,2,['EV Solar Arc Charger'],No,No,POINT (-73.835496 40.762473)
"NYPD - 130-30 28Th Ave, Queens",NYPD,130-30 28Th Ave,Queens,11354,40.772829,-73.838857,2,['EV Solar Arc Charger'],No,No,POINT (-73.838857 40.772829)
"NYPD - 4223 Third Ave, Bronx",NYPD,4223 Third Ave,Bronx,10457,40.84707,-73.895984,3,['EV Solar Arc Charger'],No,No,POINT (-73.895984 40.84707)
"NYPD - 700 Columbia St, Brooklyn",NYPD,700 Columbia St,Brooklyn,11231,40.667954,-74.010346,1,['EV Solar Arc Charger'],No,No,POINT (-74.010346 40.667954)
"NYPD - 53-01 58Th St, Queens",NYPD,53-01 58Th St,Queens,11377,40.734205,-73.910298,2,['Level 2 Charger'],No,No,POINT (-73.910298 40.734205)
"NYPD - 1 Police Plaza Path, Manhattan",NYPD,1 Police Plaza Path,Manhattan,10038,40.712348,-74.000891,10,"['Level 2 Charger', 'Level 3 Fast Charger']",No,No,POINT (-74.000891 40.712348)
"NYPD - 29 Avenue Of The Finest, Manhattan",NYPD,29 Avenue Of The Finest,Manhattan,10038,40.710369,-74.00136,1,['Level 3 Fast Charger'],No,No,POINT (-74.00136 40.710369)
"NYPD - 17 Frankfort St, Manhattan",NYPD,17 Frankfort St,Manhattan,10038,40.710932,-74.003481,1,['Level 3 Fast Charger'],No,No,POINT (-74.003481 40.710932)
"NYPD - 49-21 Metropolitan Ave, Queens",NYPD,49-21 Metropolitan Ave,Queens,11385,40.713639,-73.917886,1,['Level 3 Fast Charger'],No,No,POINT (-73.917886 40.713639)
"NYPD - 669 W 158 St, Manhattan",NYPD,669 W 158 St,Manhattan,10032,40.836055,-73.947657,4,['Level 3 Fast Charger'],No,No,POINT (-73.947657 40.836055)
"OCME - 460 Brielle Ave, Staten Island",OCME,460 Brielle Ave,Staten Island,10314,40.593798,-74.135437,2,['Level 2 Charger'],No,No,POINT (-74.135437 40.593798)
"OCME - 421 E 26th St, Manhattan",OCME,421 E 26th St,Manhattan,10016,40.738575,-73.976588,9,"['Level 2 Charger', 'Level 3 Fast Charger']",No,No,POINT (-73.976588 40.738575)
"OCME - 599 Winthrop St, Brooklyn",OCME,599 Winthrop St,Brooklyn,11203,40.657723,-73.940499,2,['Level 2 Charger'],No,No,POINT (-73.940499 40.657723)
"OCME - 160-15 82Nd Dr, Queens",OCME,160-15 82Nd Dr,Queens,11432,40.717155,-73.805825,4,"['Level 2 Charger', 'Level 3 Fast Charger']",No,No,POINT (-73.805825 40.717155)
"NYCEM - 165 Cadman Plz E, Brooklyn",NYCEM,165 Cadman Plz E,Brooklyn,11201,40.698761,-73.98987,11,"['EV Solar Arc Charger', 'Level 2 Charger', 'Level 3 Fast Charger']",No,No,POINT (-73.98987 40.698761)
"NYCEM - 42 Red Cross Pl, Brooklyn",NYCEM,42 Red Cross Pl,Brooklyn,11201,40.699502,-73.989556,2,['EV Solar Arc Charger'],No,No,POINT (-73.989556 40.699502)
"NYCEM - 930 Flushing Ave, Brooklyn",NYCEM,930 Flushing Ave,Brooklyn,11206,40.702555,-73.934382,6,"['Level 2 Charger', 'Level 3 Fast Charger']",No,No,POINT (-73.934382 40.702555)
"PROB - 340 Bay St, Staten Island",PROB,340 Bay St,Staten Island,10301,40.63368,-74.075159,2,['Level 2 Charger'],No,No,POINT (-74.075159 40.63368)
"TLC - 3189 123rd St, Queens",TLC,3189 123rd St,Queens,11354,40.768295,-73.845753,24,['Level 2 Charger'],No,No,POINT (-73.845753 40.768295)
"DSNY - 803 Forbell St, Brooklyn",DSNY,803 Forbell St,Brooklyn,11208,40.664595,-73.860612,4,['Level 2 Charger'],No,No,POINT (-73.860612 40.664595)
"DSNY - 2383 Blackrock Ave, Bronx",DSNY,2383 Blackrock Ave,Bronx,10462,40.829823,-73.844707,8,['Level 2 Charger'],No,No,POINT (-73.844707 40.829823)
"NYCEM - 1 Muldoon Ave, Staten Island",NYCEM,1 Muldoon Ave,Staten Island,10314,40.575374,-74.196743,1,['Level 2 Charger'],No,No,POINT (-74.196743 40.575374)
"OTI - 15 Metrotech, Brooklyn",OTI,15 Metrotech,Brooklyn,11201,40.693707,-73.984786,1,['Level 2 Charger'],No,No,POINT (-73.984786 40.693707)
"OTI - 2 Metrotech, Brooklyn",OTI,2 Metrotech,Brooklyn,11201,40.693727,-73.985695,1,['Level 2 Charger'],No,No,POINT (-73.985695 40.693727)
"QPL - 89-11 Merrick Blvd, Queens",QPL,89-11 Merrick Blvd,Queens,11432,40.707865,-73.795295,1,['Level 2 Charger'],No,No,POINT (-73.795295 40.707865)
"QPL - 79-50 Bell Blvd, Queens",QPL,79-50 Bell Blvd,Queens,11364,40.734936,-73.755509,1,['Level 2 Charger'],No,No,POINT (-73.755509 40.734936)
"DHS - 175-10 88 Avenue, Queens",DHS,175-10 88 Avenue,Queens,11432,40.711075,-73.787032,3,['Level 2 Charger'],No,No,POINT (-73.787032 40.711075)
"DOH - 455 1st Ave., Manhattan",DOH,455 1st Ave.,Manhattan,10016,40.739162,-73.976894,2,['Level 2 Charger'],No,No,POINT (-73.976894 40.739162)
"DPR - 21 Slosson Ave, Staten Island",DPR,21 Slosson Ave,Staten Island,10314,40.62089,-74.119394,12,['Level 2 Charger'],No,No,POINT (-74.119394 40.62089)
"FDNY - 266 Rockaway Ave, Brooklyn",FDNY,266 Rockaway Ave,Brooklyn,11233,40.674096,-73.91115,1,['Level 2 Charger'],No,No,POINT (-73.91115 40.674096)
"HRA - 2440 Fulton Street, Brooklyn",HRA,2440 Fulton Street,Brooklyn,11207,40.677869,-73.903473,3,['Level 3 Fast Charger'],No,No,POINT (-73.903473 40.677869)
"DSNY - 58-73 53rd Ave, Queens",DSNY,58-73 53rd Ave,Queens,11377,40.734136,-73.909403,2,['Level 2 Charger'],No,No,POINT (-73.909403 40.734136)
"FDNY - 1592 Richmond Road, Staten Island",FDNY,1592 Richmond Road,Staten Island,10304,40.590935,-74.100895,1,['Level 3 Fast Charger'],No,No,POINT (-74.100895 40.590935)
"DPR - 1-09 Beach 30th St, Queens",DPR,1-09 Beach 30th St,Queens,11691,40.593116,-73.762539,1,['EV Solar Arc Charger'],Solar Carport Charging,No,POINT (-73.762539 40.593116)
"DOE - 86-35 235th Ct, Queens",DOE,86-35 235th Ct,Queens,11427,40.732112,-73.73246,2,['Level 2 Charger'],No,No,POINT (-73.73246 40.732112)
"DOT - 8501 5th Ave, Brooklyn",DOT,8501 5th Ave,Brooklyn,11209,40.622039,-74.025734,5,['DOT Municipal Level 2 Charger'],Yes,$0.27 per kWh,POINT (-74.025734 40.622039)
"DOC - 11-15 Hazen St, Bronx",DOC,11-15 Hazen St,Bronx,11370,40.793737,-73.884135,6,['EV Solar Canopy Charger'],No,No,POINT (-73.884135 40.793737)
"DPR - 3808 Victory Boulevard, Staten Island",DPR,3808 Victory Boulevard,Staten Island,10314,40.596755,-74.182514,4,['Level 2 Charger'],No,No,POINT (-74.182514 40.596755)
"DEP - 127-17 92nd Ave, Queens",DEP,127-17 92nd Ave,Queens,11418,40.697353,-73.821682,4,['Level 2 Charger'],No,No,POINT (-73.821682 40.697353)
"DOE - 41-77 Little Neck Pkwy, Queens",DOE,41-77 Little Neck Pkwy,Queens,11363,40.771186,-73.739252,1,['Level 2 Charger'],No,No,POINT (-73.739252 40.771186)
"DOC - 10- 10 Hazen St, Bronx",DOC,10- 10 Hazen St,Bronx,11370,40.793474,-73.884161,2,['Level 2 Charger'],No,No,POINT (-73.884161 40.793474)
"DOT - 2478 Jerome Avenue, Bronx",DOT,2478 Jerome Avenue,Bronx,10468,40.863249,-73.90068,5,['DOT Municipal Level 2 Charger'],Yes,$0.27 per kWh,POINT (-73.90068 40.863249)
"DPR - 25 Slosson Ave, Staten Island",DPR,25 Slosson Ave,Staten Island,10314,40.620778,-74.119351,2,['Level 2 Charger'],No,No,POINT (-74.119351 40.620778)
"DOT - 3510 Jerome Avenue, Bronx",DOT,3510 Jerome Avenue,Bronx,10467,40.88316,-73.880887,4,['DOT Municipal Level 2 Charger'],Yes,$0.27 per kWh,POINT (-73.880887 40.88316)
"DOT - 141-22 Brookville Blvd, Queens",DOT,141-22 Brookville Blvd,Queens,11422,40.664556,-73.740159,1,['Level 2 Charger'],No,No,POINT (-73.740159 40.664556)
"DOT - 105-113 Essex Street & 112-120 Ludlow Street, Manhattan",DOT,105-113 Essex Street & 112-120 Ludlow Street,Manhattan,10002,40.719086,-73.98794,13,"['DOT Municipal Level 2 Charger', 'DOT Municipal Level 3 Charger']",Yes,$0.39 per kWh,POINT (-73.98794 40.719086)
"DOT - 45-40 Court Square, Queens",DOT,45-40 Court Square,Queens,11101,40.745815,-73.943549,13,"['DOT Municipal Level 2 Charger', 'DOT Municipal Level 3 Charger']",Yes,$0.39 per kWh,POINT (-73.943549 40.745815)
"DOT - 42-00 Vernon Boulevard, Queens",DOT,42-00 Vernon Boulevard,Queens,11101,40.754395,-73.94923,5,"['Level 2 Charger', 'Level 3 Fast Charger']",No,No,POINT (-73.94923 40.754395)
"DPR - 54-54 43rd St, Queens",DPR,54-54 43rd St,Queens,11378,40.73087,-73.925175,2,['Level 2 Charger'],No,No,POINT (-73.925175 40.73087)
"DSNY - 2501 Knapp St, Brooklyn",DSNY,2501 Knapp St,Brooklyn,11235,40.592214,-73.932546,3,"['Level 2 Charger', 'Level 3 Fast Charger']",No,No,POINT (-73.932546 40.592214)
"FDNY - 720 Melrose Avenue, Bronx",FDNY,720 Melrose Avenue,Bronx,10455,40.820422,-73.915778,3,"['Level 2 Charger', 'Level 3 Fast Charger']",No,No,POINT (-73.915778 40.820422)
"DOT - 80-25 126th Street, Queens",DOT,80-25 126th Street,Queens,11415,40.714856,-73.82705,34,"['DOT Municipal Level 2 Charger', 'DOT Municipal Level 3 Charger']",Yes,$0.27 per kWh,POINT (-73.82705 40.714856)
"DOT - 32-11 Harper St, Queens",DOT,32-11 Harper St,Queens,11368,40.764102,-73.842217,1,['EV Solar Arc Charger'],No,No,POINT (-73.842217 40.764102)
"DOT - 345 East 59th Street, Manhattan",DOT,345 East 59th Street,Manhattan,10022,40.759933,-73.962697,10,"['Level 2 Charger', 'Level 3 Fast Charger']",No,No,POINT (-73.962697 40.759933)
"DSNY - 80 Henry Street, Brooklyn",DSNY,80 Henry Street,Brooklyn,10002,40.698451,-73.992546,1,['Level 2 Charger'],No,No,POINT (-73.992546 40.698451)
"DOT - 150-07 Archer Avenue, Queens",DOT,150-07 Archer Avenue,Queens,11432,40.701386,-73.80374,3,['DOT Municipal Level 2 Charger'],Yes,$0.27 per kWh,POINT (-73.80374 40.701386)
"DPR - 29 N 10th St, Brooklyn",DPR,29 N 10th St,Brooklyn,11249,40.722456,-73.96068,2,['EV Solar Arc Charger'],No,No,POINT (-73.96068 40.722456)
"NYPD - 450 Cross Bronx Expy, Bronx",NYPD,450 Cross Bronx Expy,Bronx,10457,40.844149,-73.900604,2,"['Level 2 Charger', 'Level 3 Fast Charger']",No,No,POINT (-73.900604 40.844149)
"DPR - 3278 Middletown Rd, Bronx",DPR,3278 Middletown Rd,Bronx,10465,40.848118,-73.821238,2,['EV Solar Arc Charger'],No,No,POINT (-73.821238 40.848118)
"DOT - 2900 Flatbush Avenue, Brooklyn",DOT,2900 Flatbush Avenue,Brooklyn,11234,40.600248,-73.912051,2,['Level 3 Fast Charger'],No,No,POINT (-73.912051 40.600248)
"DOT - 32 Old Slip, Manhattan",DOT,32 Old Slip,Manhattan,10005,40.703573,-74.008036,4,['Level 2 Charger'],No,No,POINT (-74.008036 40.703573)
"DOT - 42 South St, Manhattan",DOT,42 South St,Manhattan,10005,40.703466,-74.007538,4,['Level 2 Charger'],No,No,POINT (-74.007538 40.703466)
"NYPD - 151 West 100th Street, Manhattan",NYPD,151 West 100th Street,Manhattan,10025,40.79625,-73.967509,1,['Level 3 Fast Charger'],No,No,POINT (-73.967509 40.79625)
"DOT - 54 Central Avenue, Staten Island",DOT,54 Central Avenue,Staten Island,10301,40.640566,-74.076713,5,['DOT Municipal Level 2 Charger'],Yes,$0.27 per kWh,POINT (-74.076713 40.640566)
"DPR - 3002 Foster Avenue, Brooklyn",DPR,3002 Foster Avenue,Brooklyn,11210,40.638609,-73.948086,2,['Level 3 Fast Charger'],No,No,POINT (-73.948086 40.638609)
"DSNY - 559 Park Avenue, Brooklyn",DSNY,559 Park Avenue,Brooklyn,11205,40.697144,-73.953529,29,"['Level 2 Charger', 'Level 3 Fast Charger']",No,No,POINT (-73.953529 40.697144)
"DPR - 1-00 Meridian Rd, Queens",DPR,1-00 Meridian Rd,Queens,11368,40.741892,-73.84454,1,['EV Solar Arc Charger'],No,No,POINT (-73.84454 40.741892)
"FDNY - 58-65 52nd Road, Queens",FDNY,58-65 52nd Road,Queens,11377,40.73442,-73.907602,4,['Level 2 Charger'],No,No,POINT (-73.907602 40.73442)
"DSNY - 59-98 52nd Rd, Queens",DSNY,59-98 52nd Rd,Queens,11377,40.734035,-73.906155,2,['Level 2 Charger'],No,No,POINT (-73.906155 40.734035)
"NYPD - 137-58 Northern Blvd, Queens",NYPD,137-58 Northern Blvd,Queens,11354,40.763664,-73.829208,1,['Level 2 Charger'],No,No,POINT (-73.829208 40.763664)
"DOH - 485 Throop Avenue, Brooklyn",DOH,485 Throop Avenue,Brooklyn,11221,40.685654,-73.941462,4,"['Level 2 Charger', 'Level 3 Fast Charger']",No,No,POINT (-73.941462 40.685654)
"FDNY - 301 Gold Street, Brooklyn",FDNY,301 Gold Street,Brooklyn,11201,40.695447,-73.983228,1,['Level 3 Fast Charger'],No,No,POINT (-73.983228 40.695447)
"DCAS - 130 Stuyvesant Place, Staten Island",DCAS,130 Stuyvesant Place,Staten Island,10301,40.642907,-74.076889,2,['Level 3 Fast Charger'],No,No,POINT (-74.076889 40.642907)
"NYPD - 301 Gold Street, Brooklyn",NYPD,301 Gold Street,Brooklyn,11201,40.695447,-73.983228,1,['Level 3 Fast Charger'],No,No,POINT (-73.983228 40.695447)
"DSNY - 580 Main St, Manhattan",DSNY,580 Main St,Manhattan,10044,40.76295,-73.949097,1,['Level 2 Charger'],No,No,POINT (-73.949097 40.76295)
"DPR - 3-66 Beach 75th Street, Queens",DPR,3-66 Beach 75th Street,Queens,11692,40.591747,-73.803252,14,['Level 2 Charger'],No,No,POINT (-73.803252 40.591747)
"DSNY - 1010 Muldoon Ave, Staten Island",DSNY,1010 Muldoon Ave,Staten Island,10312,40.571138,-74.195348,3,['Level 2 Charger'],No,No,POINT (-74.195348 40.571138)
"DPR - 2131 Hart St, Bronx",DPR,2131 Hart St,Bronx,10473,40.811647,-73.846685,1,['EV Solar Arc Charger'],No,No,POINT (-73.846685 40.811647)
"DPR - 97-77 Queens Boulevard, Queens",DPR,97-77 Queens Boulevard,Queens,11374,40.728721,-73.858501,28,['Level 2 Charger'],No,No,POINT (-73.858501 40.728721)
"DCAS - 851 Grand Concourse, Bronx",DCAS,851 Grand Concourse,Bronx,10451,40.826048,-73.923102,1,['Level 2 Charger'],No,No,POINT (-73.923102 40.826048)
"DOE - 143 Baxter St, Manhattan",DOE,143 Baxter St,Manhattan,10013,40.718903,-73.998438,2,['Level 2 Charger'],No,No,POINT (-73.998438 40.718903)
"DSNY - 455 Park Avenue, Brooklyn",DSNY,455 Park Avenue,Brooklyn,11205,40.696528,-73.958885,2,['Level 2 Charger'],No,No,POINT (-73.958885 40.696528)
"DPR - 151 97th Street Transverse, Manhattan",DPR,151 97th Street Transverse,Manhattan,10029,40.790363,-73.960055,4,['Level 2 Charger'],No,No,POINT (-73.960055 40.790363)
"DCAS - 265 E 161st St, Bronx",DCAS,265 E 161st St,Bronx,10451,40.825928,-73.919514,2,['Level 2 Charger'],No,No,POINT (-73.919514 40.825928)
